place_id,name,category,metro,rating,reviews,wf_score,issue,repair_status,failure_reason,photo_ref_state,vault_status,attempts,last_seen_et,next_attempt_et,live_place_url
wfadd_legoland_florida,LEGOLAND Florida Resort,attractions,orlando,4.5,19000,90,Missing source + detected failure,open,no-source,Missing,stale,0,2026-09-27 06:31,2026-09-27 06:31,https://www.gowayfind.com/places/wfadd_legoland_florida
ChIJCXo4XO3xwogROHql41RR0UQ,Harbor Oaks Shopping Center,shopping,florida,4.8,72,88,Missing source + detected failure,open,no-source,Missing,none,0,2026-09-27 06:31,2026-09-27 06:31,https://www.gowayfind.com/places/ChIJCXo4XO3xwogROHql41RR0UQ
ChIJUczTK5XC2YgRRt4Jp6N3B70,Pinto's Farm,attractions,miami-dade,4.4,2068,88,Missing source + detected failure,open,no-source,Missing,stale,0,2026-09-27 06:31,2026-09-27 06:31,https://www.gowayfind.com/places/ChIJUczTK5XC2YgRRt4Jp6N3B70
wfadd_peppa_pig,Peppa Pig Theme Park,attractions,orlando,4.3,1500,86,Missing source + detected failure,open,no-source,Missing,rejected,5,2026-09-18 12:51,2026-10-04 00:20,https://www.gowayfind.com/places/wfadd_peppa_pig
ChIJQ7WbAH7XwogRnmLn_V5dUW8,Belmont Shopping Center,shopping,tampa,4.5,112,86,Missing source + detected failure,open,no-source,Missing,none,0,2026-09-27 06:31,2026-09-27 06:31,https://www.gowayfind.com/places/ChIJQ7WbAH7XwogRnmLn_V5dUW8
ChIJZ0i6DmN354gRHBUMDpbDaeo,The Picklr Pro Shop Florida,shopping,orlando,4.9,35,85,Missing source + detected failure,open,no-source,Missing,rejected,0,2026-09-27 06:31,2026-09-27 06:31,https://www.gowayfind.com/places/ChIJZ0i6DmN354gRHBUMDpbDaeo
ChIJWSF7NHxX7IgR5GmJGchUbSU,Dan's Sixty-Seventieth Golf Company,shopping,florida,4.9,28,84,Missing source + detected failure,open,no-source,Missing,none,0,2026-09-27 06:31,2026-09-27 06:31,https://www.gowayfind.com/places/ChIJWSF7NHxX7IgR5GmJGchUbSU
ChIJt5k24AjPwogRc5O1EJdhVfU,Lakewood Market,shopping,tampa,4.3,163,84,Missing source + detected failure,open,no-source,Missing,none,0,2026-09-27 06:31,2026-09-27 06:31,https://www.gowayfind.com/places/ChIJt5k24AjPwogRc5O1EJdhVfU
ChIJZ5ce8tCp2YgRloW2SRZ5zNU,DOMi Japanese Kitchen,food,broward,4.7,30,83,Missing source + detected failure,open,no-source,Missing,none,0,2026-09-27 06:31,2026-09-27 06:31,https://www.gowayfind.com/places/ChIJZ5ce8tCp2YgRloW2SRZ5zNU
ChIJU8yTEEVBw4gRFQ34T9FAcA0,Catch Fish Sarasota,attractions,manatee-sarasota,5,11,81,Missing source + detected failure,open,no-source,Missing,rejected,0,2026-09-27 06:31,2026-09-27 06:31,https://www.gowayfind.com/places/ChIJU8yTEEVBw4gRFQ34T9FAcA0
ChIJ-QAR2pQXw4gRi32NHp-gIts,The Food Lady LLC,food,manatee-sarasota,5,9,81,Missing source + detected failure,open,no-source,Missing,none,0,2026-09-27 06:31,2026-09-27 06:31,https://www.gowayfind.com/places/ChIJ-QAR2pQXw4gRi32NHp-gIts
ChIJlex4fls9w4gRroJO22mRu4M,Natural Health Resource Center,shopping,manatee-sarasota,5,11,81,Missing source + detected failure,open,no-source,Missing,rejected,0,2026-09-27 06:31,2026-09-27 06:31,https://www.gowayfind.com/places/ChIJlex4fls9w4gRroJO22mRu4M
ChIJgXsEwItBw4gR-YsXv_PqBCM,Westgate Mall,shopping,manatee-sarasota,4.8,11,81,Missing source + detected failure,open,no-source,Missing,rejected,0,2026-09-27 06:31,2026-09-27 06:31,https://www.gowayfind.com/places/ChIJgXsEwItBw4gR-YsXv_PqBCM
ChIJje2kMyrHwogRvD0ckCL_5jE,Breakfast-Express,food,tampa,4.7,14,81,Missing source + detected failure,open,no-source,Missing,rejected,0,2026-09-27 06:31,2026-09-27 06:31,https://www.gowayfind.com/places/ChIJje2kMyrHwogRvD0ckCL_5jE
ChIJZQ9Y7GdDw4gRREcf4Q2D9eA,R & R Yacht Services Inc,attractions,manatee-sarasota,5,6,80,Missing source + detected failure,open,no-source,Missing,none,0,2026-09-27 06:31,2026-09-27 06:31,https://www.gowayfind.com/places/ChIJZQ9Y7GdDw4gRREcf4Q2D9eA
ChIJ5yOaBqJAw4gRIWW4MN5bMi8,ShrineLive!,attractions,manatee-sarasota,4.7,10,80,Missing source + detected failure,open,no-source,Missing,rejected,0,2026-09-27 06:31,2026-09-27 06:31,https://www.gowayfind.com/places/ChIJ5yOaBqJAw4gRIWW4MN5bMi8
ChIJXzNEQAC32YgRRW225pqPoWE,UFF! - Burgers,food,miami-dade,5,5,80,Missing source + detected failure,open,no-source,Missing,none,0,2026-09-27 06:31,2026-09-27 06:31,https://www.gowayfind.com/places/ChIJXzNEQAC32YgRRW225pqPoWE
ChIJtREVVwDT54gR4RICiz9ATM4,Kountry Q Barbecue,food,ocala-fl,5,5,80,Missing source + detected failure,open,no-source,Missing,rejected,0,2026-09-27 06:31,2026-09-27 06:31,https://www.gowayfind.com/places/ChIJtREVVwDT54gR4RICiz9ATM4
ChIJJzn_O-V554gRLzJqKmQgPeY,FLABuLESS Wellness Studio - Orlando,attractions,orlando,5,6,80,Missing source + detected failure,open,no-source,Missing,rejected,0,2026-09-27 06:31,2026-09-27 06:31,https://www.gowayfind.com/places/ChIJJzn_O-V554gRLzJqKmQgPeY
ChIJ75FSed5_54gRFmYXEE63ZYA,Munchies,food,orlando,5,6,80,Missing source + detected failure,open,no-source,Missing,none,0,2026-09-27 06:31,2026-09-27 06:31,https://www.gowayfind.com/places/ChIJ75FSed5_54gRFmYXEE63ZYA
ChIJDxIllRmA3YgR0pz6yX3Y9OE,Zainab Market,shopping,orlando,4.7,10,80,Missing source + detected failure,open,no-source,Missing,none,0,2026-09-27 06:31,2026-09-27 06:31,https://www.gowayfind.com/places/ChIJDxIllRmA3YgR0pz6yX3Y9OE
ChIJnQGmfGw3w4gRXUefZkNj-Fg,Collingtree Park,attractions,manatee-sarasota,4.7,6,79,Missing source + detected failure,open,no-source,Missing,rejected,0,2026-09-27 06:31,2026-09-27 06:31,https://www.gowayfind.com/places/ChIJnQGmfGw3w4gRXUefZkNj-Fg
ChIJH2LAZAA3w4gR-qS2kJYfb_s,Lakewood Ranch Soccer Club,attractions,manatee-sarasota,5,4,79,Missing source + detected failure,open,no-source,Missing,none,0,2026-09-27 06:31,2026-09-27 06:31,https://www.gowayfind.com/places/ChIJH2LAZAA3w4gR-qS2kJYfb_s
ChIJ87EtfC0Ww4gRunRWj4QtrT4,Left of Center Gallery,attractions,manatee-sarasota,5,2,79,Missing source + detected failure,open,no-source,Missing,rejected,0,2026-09-27 06:31,2026-09-27 06:31,https://www.gowayfind.com/places/ChIJ87EtfC0Ww4gRunRWj4QtrT4
ChIJW76V1ug9w4gRMUgvsk7qmgA,The80 Studio,attractions,manatee-sarasota,5,2,79,Missing source + detected failure,open,no-source,Missing,rejected,0,2026-09-27 06:31,2026-09-27 06:31,https://www.gowayfind.com/places/ChIJW76V1ug9w4gRMUgvsk7qmgA
ChIJiY1-DMsVw4gR4xPRUBNWJf8,Twisted Quarter Inc,attractions,manatee-sarasota,4.1,19,79,Missing source + detected failure,open,no-source,Missing,rejected,0,2026-09-27 06:31,2026-09-27 06:31,https://www.gowayfind.com/places/ChIJiY1-DMsVw4gR4xPRUBNWJf8
ChIJVy3wDzElw4gRskjahfNu3Dg,WW Studio @ Parrish United Methodist Church,attractions,manatee-sarasota,5,2,79,Missing source + detected failure,open,no-source,Missing,rejected,0,2026-09-27 06:31,2026-09-27 06:31,https://www.gowayfind.com/places/ChIJVy3wDzElw4gRskjahfNu3Dg
ChIJp0_HewAxw4gRcF8J0-HLsrw,Lindie’s Bakery,food,manatee-sarasota,5,3,79,Missing source + detected failure,open,no-source,Missing,none,0,2026-09-27 06:31,2026-09-27 06:31,https://www.gowayfind.com/places/ChIJp0_HewAxw4gRcF8J0-HLsrw
ChIJ_____xNAw4gR2Bv7hEbuYyU,Waterwest Juice,food,manatee-sarasota,5,3,79,Missing source + detected failure,open,no-source,Missing,rejected,0,2026-09-27 06:31,2026-09-27 06:31,https://www.gowayfind.com/places/ChIJ_____xNAw4gR2Bv7hEbuYyU
ChIJ2bCJ2fUjw4gRkhN1AblLnlc,Salty Spitoon 3,nightlife,manatee-sarasota,5,2,79,Missing source + detected failure,open,no-source,Missing,rejected,5,2026-09-14 03:18,2026-09-30 00:20,https://www.gowayfind.com/places/ChIJ2bCJ2fUjw4gRkhN1AblLnlc
ChIJm1EOu4Ox2YgRPATxk1xovAY,A Taste Of T&D,food,miami-dade,5,4,79,Missing source + detected failure,open,no-source,Missing,none,0,2026-09-27 06:31,2026-09-27 06:31,https://www.gowayfind.com/places/ChIJm1EOu4Ox2YgRPATxk1xovAY
ChIJ__8_J_J-54gRC4mvzBEYi6s,Adventure Tours,attractions,orlando,5,2,79,Missing source + detected failure,open,no-source,Missing,rejected,0,2026-09-27 06:31,2026-09-27 06:31,https://www.gowayfind.com/places/ChIJ__8_J_J-54gRC4mvzBEYi6s
ChIJqwWqpcR554gRyGqws75Z-S8,CALYPSO FLAVORS OF THE CARIBBEAN,food,orlando,5,2,79,Missing source + detected failure,open,no-source,Missing,none,0,2026-09-27 06:31,2026-09-27 06:31,https://www.gowayfind.com/places/ChIJqwWqpcR554gRyGqws75Z-S8
ChIJzybq1AzjwogRyvI7CvniqZ0,Gulfport Pickle Ball and Tennis Courts,attractions,st-pete,4.1,9,79,Missing source + detected failure,open,no-source,Missing,rejected,0,2026-09-27 06:31,2026-09-27 06:31,https://www.gowayfind.com/places/ChIJzybq1AzjwogRyvI7CvniqZ0
ChIJYU6GNUjRwogRzg3nsFz-h5U,Providence East Sports Complex,attractions,tampa,5,3,79,Missing source + detected failure,open,no-source,Missing,rejected,0,2026-09-27 06:31,2026-09-27 06:31,https://www.gowayfind.com/places/ChIJYU6GNUjRwogRzg3nsFz-h5U
ChIJl-917gvFwogRgWyAA2_Vjqo,Vibe Tribe Pilates,attractions,tampa,5,2,79,Missing source + detected failure,open,no-source,Missing,none,0,2026-09-27 06:31,2026-09-27 06:31,https://www.gowayfind.com/places/ChIJl-917gvFwogRgWyAA2_Vjqo
ChIJuWcsbOTDwogRrlZn-P0-Q_8,after owl eatery,food,tampa,5,2,79,Missing source + detected failure,open,no-source,Missing,rejected,5,2026-09-12 13:33,2026-09-28 00:20,https://www.gowayfind.com/places/ChIJuWcsbOTDwogRrlZn-P0-Q_8
ChIJPW4HpZ_FwogRaR6mR__ODb0,Food Truck Culture,food,tampa,4.3,6,79,Missing source + detected failure,open,no-source,Missing,none,0,2026-09-27 06:31,2026-09-27 06:31,https://www.gowayfind.com/places/ChIJPW4HpZ_FwogRaR6mR__ODb0
ChIJmedZNwDPwogRst1K4Ya19DU,Snack Trap,nightlife,tampa,4.3,12,79,Missing source + detected failure,open,no-source,Missing,none,0,2026-09-27 06:31,2026-09-27 06:31,https://www.gowayfind.com/places/ChIJmedZNwDPwogRst1K4Ya19DU
ChIJK9S_cgAB3YgRt9PeMUCRCac,The Familia Fondos Truck,food,avon-park-fl,5,1,78,Missing source + detected failure,open,no-source,Missing,none,0,2026-09-27 06:31,2026-09-27 06:31,https://www.gowayfind.com/places/ChIJK9S_cgAB3YgRt9PeMUCRCac
ChIJQQlEpdgWw4gR2F6J7VorDsg,CHAMELEON PILATES,attractions,manatee-sarasota,5,1,78,Missing source + detected failure,open,no-source,Missing,rejected,0,2026-09-27 06:31,2026-09-27 06:31,https://www.gowayfind.com/places/ChIJQQlEpdgWw4gR2F6J7VorDsg
ChIJ-Xnwx7xJw4gRkSsiIVWHM4E,Myakka Valley Campgrounds & Stables,attractions,manatee-sarasota,5,1,78,Missing source + detected failure,open,no-source,Missing,rejected,0,2026-09-27 06:31,2026-09-27 06:31,https://www.gowayfind.com/places/ChIJ-Xnwx7xJw4gRkSsiIVWHM4E
ChIJ_SUeZRI5w4gRCxQp5ApvGDI,Pure Tranquility Day Spa & Massage,attractions,manatee-sarasota,5,1,78,Missing source + detected failure,open,no-source,Missing,rejected,0,2026-09-27 06:31,2026-09-27 06:31,https://www.gowayfind.com/places/ChIJ_SUeZRI5w4gRCxQp5ApvGDI
ChIJ10S7JWJBw4gRWSwsCLObqsU,Sarasota Pilates,attractions,manatee-sarasota,5,1,78,Missing source + detected failure,open,no-source,Missing,rejected,0,2026-09-27 06:31,2026-09-27 06:31,https://www.gowayfind.com/places/ChIJ10S7JWJBw4gRWSwsCLObqsU
ChIJ25tjXyI7w4gRupfa2I6ZlSA,Stoneybrook Pickleball Private Amenities,attractions,manatee-sarasota,5,1,78,Missing source + detected failure,open,no-source,Missing,rejected,0,2026-09-27 06:31,2026-09-27 06:31,https://www.gowayfind.com/places/ChIJ25tjXyI7w4gRupfa2I6ZlSA
ChIJbfxl2OAXw4gRuLzOx9RNJ00,Taylor Park,attractions,manatee-sarasota,5,1,78,Missing source + detected failure,open,no-source,Missing,rejected,0,2026-09-27 06:31,2026-09-27 06:31,https://www.gowayfind.com/places/ChIJbfxl2OAXw4gRuLzOx9RNJ00
ChIJNVt43NkWw4gRHIe6DdNxhDw,Van Wormer Yacht Restoration,attractions,manatee-sarasota,4,6,78,Missing source + detected failure,open,no-source,Missing,none,0,2026-09-27 06:31,2026-09-27 06:31,https://www.gowayfind.com/places/ChIJNVt43NkWw4gRHIe6DdNxhDw
ChIJkbYimsIXw4gR1Alut_5jgnI,Yoga Girlie at The Palmetto Art Center,attractions,manatee-sarasota,5,1,78,Missing source + detected failure,open,no-source,Missing,rejected,0,2026-09-27 06:31,2026-09-27 06:31,https://www.gowayfind.com/places/ChIJkbYimsIXw4gR1Alut_5jgnI
ChIJ2TUHsaxBw4gRicw7AUbjZ-U,1000 NORTH Sarasota,food,manatee-sarasota,5,1,78,Missing source + detected failure,open,no-source,Missing,rejected,0,2026-09-27 06:31,2026-09-27 06:31,https://www.gowayfind.com/places/ChIJ2TUHsaxBw4gRicw7AUbjZ-U
ChIJp5DH2NYXw4gRSiyEYRKN6cw,Bradenton Drip Coffee,food,manatee-sarasota,5,1,78,Missing source + detected failure,open,no-source,Missing,rejected,1,2026-09-26 18:28,2026-09-27 01:21,https://www.gowayfind.com/places/ChIJp5DH2NYXw4gRSiyEYRKN6cw
ChIJ6ZR7ZQAXw4gRDxypXhQfbpk,El Patio on 14th,food,manatee-sarasota,4,1,78,Missing source + detected failure,open,no-source,Missing,none,0,2026-09-27 06:31,2026-09-27 06:31,https://www.gowayfind.com/places/ChIJ6ZR7ZQAXw4gRDxypXhQfbpk
ChIJvU16yAMXw4gRqkFrTJnGtBU,Home Coffee Brand,food,manatee-sarasota,5,1,78,Missing source + detected failure,open,no-source,Missing,rejected,0,2026-09-27 06:31,2026-09-27 06:31,https://www.gowayfind.com/places/ChIJvU16yAMXw4gRqkFrTJnGtBU
ChIJqedDJPsXw4gRnsk1htUx31Q,La Rubia Cuban Joint,food,manatee-sarasota,4,2,78,Missing source + detected failure,open,no-source,Missing,none,0,2026-09-27 06:31,2026-09-27 06:31,https://www.gowayfind.com/places/ChIJqedDJPsXw4gRnsk1htUx31Q
ChIJ0Y3biXk_w4gRTfYrfyrwG_Y,Mix Manje,food,manatee-sarasota,5,1,78,Missing source + detected failure,open,no-source,Missing,none,0,2026-09-27 06:31,2026-09-27 06:31,https://www.gowayfind.com/places/ChIJ0Y3biXk_w4gRTfYrfyrwG_Y
ChIJRwBEx4NTw4gRNgXg5lilbPc,"North Port Garden Home: Florida Room, Lanai!",hotels,manatee-sarasota,5,1,78,Missing source + detected failure,open,no-source,Missing,none,0,2026-09-27 06:31,2026-09-27 06:31,https://www.gowayfind.com/places/ChIJRwBEx4NTw4gRNgXg5lilbPc
ChIJVVUFHJSpxIgRoMRGRz1zN-o,"Studio 6 Englewood, FL",hotels,manatee-sarasota,5,1,78,Missing source + detected failure,open,no-source,Missing,none,0,2026-09-27 06:31,2026-09-27 06:31,https://www.gowayfind.com/places/ChIJVVUFHJSpxIgRoMRGRz1zN-o
ChIJa0Tdw6k_w4gRBRbmgEoJvPg,Nahesha mini market (CAM),shopping,manatee-sarasota,3.5,4,78,Missing source + detected failure,open,no-source,Missing,rejected,0,2026-09-27 06:31,2026-09-27 06:31,https://www.gowayfind.com/places/ChIJa0Tdw6k_w4gRBRbmgEoJvPg
ChIJ__-bvSoSw4gRXrH9fZ3iPuo,Tropical Cravings,shopping,manatee-sarasota,5,1,78,Missing source + detected failure,open,no-source,Missing,rejected,0,2026-09-27 06:31,2026-09-27 06:31,https://www.gowayfind.com/places/ChIJ__-bvSoSw4gRXrH9fZ3iPuo
ChIJnYoq1Ud554gRWV_4qxI29-A,Soluna Pilates Studio,attractions,orlando,5,1,78,Missing source + detected failure,open,no-source,Missing,rejected,0,2026-09-27 06:31,2026-09-27 06:31,https://www.gowayfind.com/places/ChIJnYoq1Ud554gRWV_4qxI29-A
ChIJyc19O2bRwogRwimuyu1uPQM,Public tennis courts,attractions,tampa,3.8,4,78,Missing source + detected failure,open,no-source,Missing,rejected,0,2026-09-27 06:31,2026-09-27 06:31,https://www.gowayfind.com/places/ChIJyc19O2bRwogRwimuyu1uPQM
ChIJWV8qsFXHwogR8rBFn0FMtq8,Tampa Bay Vinyl Record & CD Show,attractions,tampa,4,1,78,Missing source + detected failure,open,no-source,Missing,rejected,0,2026-09-27 06:31,2026-09-27 06:31,https://www.gowayfind.com/places/ChIJWV8qsFXHwogR8rBFn0FMtq8
ChIJow0hKADFwogRjmpCogayTaM,The Countable and Uncountable Stories of Roberts City,attractions,tampa,5,1,78,Missing source + detected failure,open,no-source,Missing,none,0,2026-09-27 06:31,2026-09-27 06:31,https://www.gowayfind.com/places/ChIJow0hKADFwogRjmpCogayTaM
ChIJ3SmSxZQXw4gRMVJTHYAQMGs,Eggs and Gizzards,food,manatee-sarasota,3.2,5,77,Missing source + detected failure,open,no-source,Missing,rejected,0,2026-09-27 06:31,2026-09-27 06:31,https://www.gowayfind.com/places/ChIJ3SmSxZQXw4gRMVJTHYAQMGs
ChIJb3OEPBtLw4gRBx430YX6ItI,hesselgrave,hotels,manatee-sarasota,2,1,77,Missing source + detected failure,open,no-source,Missing,none,0,2026-09-27 06:31,2026-09-27 06:31,https://www.gowayfind.com/places/ChIJb3OEPBtLw4gRBx430YX6ItI
ChIJdWIoh8S32YgR6pONe6NzKps,Smash and buns,food,miami-dade,3,2,77,Missing source + detected failure,open,no-source,Missing,rejected,5,2026-09-16 21:54,2026-10-01 00:20,https://www.gowayfind.com/places/ChIJdWIoh8S32YgR6pONe6NzKps
ChIJScJ5bQAZw4gRjNIj9iS5bus,Ananda Farm,attractions,manatee-sarasota,,0,,Missing source + detected failure,open,no-source,Missing,rejected,1,2026-09-26 11:57,2026-09-27 01:20,https://www.gowayfind.com/places/ChIJScJ5bQAZw4gRjNIj9iS5bus
ChIJbUydLAA1w4gRilH7h1UK7nw,Dog adaptation,attractions,manatee-sarasota,,0,,Missing source + detected failure,open,no-source,Missing,rejected,0,2026-09-27 06:31,2026-09-27 06:31,https://www.gowayfind.com/places/ChIJbUydLAA1w4gRilH7h1UK7nw
ChIJ2-eFXAA9w4gR0vj_QHOeUZA,Endless Sunsets,attractions,manatee-sarasota,,0,,Missing source + detected failure,open,no-source,Missing,rejected,0,2026-09-27 06:31,2026-09-27 06:31,https://www.gowayfind.com/places/ChIJ2-eFXAA9w4gR0vj_QHOeUZA
ChIJD-CFHc1Hw4gRNASw5w6XeqY,Forsy Morfe,attractions,manatee-sarasota,,0,,Missing source + detected failure,open,no-source,Missing,none,0,2026-09-27 06:31,2026-09-27 06:31,https://www.gowayfind.com/places/ChIJD-CFHc1Hw4gRNASw5w6XeqY
ChIJIWmC-OY7w4gRab6lapXV0_k,Higher Self Wellness,attractions,manatee-sarasota,,0,,Missing source + detected failure,open,no-source,Missing,rejected,0,2026-09-27 06:31,2026-09-27 06:31,https://www.gowayfind.com/places/ChIJIWmC-OY7w4gRab6lapXV0_k
ChIJbfOBawDL3IgRsM7hq_zKHDc,Howze Ranch,attractions,manatee-sarasota,,0,,Missing source + detected failure,open,no-source,Missing,rejected,0,2026-09-27 06:31,2026-09-27 06:31,https://www.gowayfind.com/places/ChIJbfOBawDL3IgRsM7hq_zKHDc
ChIJq51dFwA3w4gRHmrYQIjz5I8,Panther Park,attractions,manatee-sarasota,,0,,Missing source + detected failure,open,no-source,Missing,rejected,0,2026-09-27 06:31,2026-09-27 06:31,https://www.gowayfind.com/places/ChIJq51dFwA3w4gRHmrYQIjz5I8
ChIJCeUvIQA9w4gR0fWLqwj2daI,Pickleball Courts,attractions,manatee-sarasota,,0,,Missing source + detected failure,open,no-source,Missing,rejected,0,2026-09-27 06:31,2026-09-27 06:31,https://www.gowayfind.com/places/ChIJCeUvIQA9w4gR0fWLqwj2daI
ChIJgbivDgAjw4gR2MZR8qOWwKE,Play ground buffalo Creek,attractions,manatee-sarasota,,0,,Missing source + detected failure,open,no-source,Missing,rejected,0,2026-09-27 06:31,2026-09-27 06:31,https://www.gowayfind.com/places/ChIJgbivDgAjw4gR2MZR8qOWwKE
ChIJ5RJIAgAjw4gRKumD_NwYVUY,Ridgewood Estates Clubhouse,attractions,manatee-sarasota,,0,,Missing source + detected failure,open,no-source,Missing,rejected,0,2026-09-27 06:31,2026-09-27 06:31,https://www.gowayfind.com/places/ChIJ5RJIAgAjw4gRKumD_NwYVUY
ChIJVVVRHZJAw4gRsAWq1GiGsE4,Sarasota Youth Pickleball League,attractions,manatee-sarasota,,0,,Missing source + detected failure,open,no-source,Missing,rejected,0,2026-09-27 06:31,2026-09-27 06:31,https://www.gowayfind.com/places/ChIJVVVRHZJAw4gRsAWq1GiGsE4
ChIJmQLIAgAxw4gRvg5DPKKq1-8,Star Farms Tennis & Pickleball,attractions,manatee-sarasota,,0,,Missing source + detected failure,open,no-source,Missing,rejected,0,2026-09-27 06:31,2026-09-27 06:31,https://www.gowayfind.com/places/ChIJmQLIAgAxw4gRvg5DPKKq1-8
ChIJ-0M4GsQ2w4gRtfo31Wz1Lg8,The Forest Park,attractions,manatee-sarasota,,0,,Missing source + detected failure,open,no-source,Missing,rejected,0,2026-09-27 06:31,2026-09-27 06:31,https://www.gowayfind.com/places/ChIJ-0M4GsQ2w4gRtfo31Wz1Lg8
ChIJsTP2-kElw4gRkz1FkQk2LYY,Flour & Foliage,food,manatee-sarasota,,0,,Missing source + detected failure,open,no-source,Missing,rejected,0,2026-09-27 06:31,2026-09-27 06:31,https://www.gowayfind.com/places/ChIJsTP2-kElw4gRkz1FkQk2LYY
ChIJF_JCwylHw4gRgRW83f7ggDg,Peachey's Baking Co — Cattlemen,food,manatee-sarasota,,0,,Missing source + detected failure,open,no-source,Missing,rejected,0,2026-09-27 06:31,2026-09-27 06:31,https://www.gowayfind.com/places/ChIJF_JCwylHw4gRgRW83f7ggDg
ChIJGZxJfQBBw4gRv9t1RoPs7Vk,Peachey's Baking Co — Landings,food,manatee-sarasota,,0,,Missing source + detected failure,open,no-source,Missing,rejected,5,2026-09-15 19:18,2026-09-30 09:22,https://www.gowayfind.com/places/ChIJGZxJfQBBw4gRv9t1RoPs7Vk
ChIJAQCwv9E8w4gRGbrcNGPsORU,Specialty Restaurants Corporation,food,manatee-sarasota,,0,,Missing source + detected failure,open,no-source,Missing,rejected,0,2026-09-27 06:31,2026-09-27 06:31,https://www.gowayfind.com/places/ChIJAQCwv9E8w4gRGbrcNGPsORU
ChIJsQ1SPqwlw4gRppxCpycneMk,Treehouse coffee,food,manatee-sarasota,,0,,Missing source + detected failure,open,no-source,Missing,none,0,2026-09-27 06:31,2026-09-27 06:31,https://www.gowayfind.com/places/ChIJsQ1SPqwlw4gRppxCpycneMk
ChIJJ-XKHFMxw4gR5IiPvWIWnQk,“GLAMPING”on 10 acres…10minutes to Lakewood Ranch and close to Sarasota scenes.,hotels,manatee-sarasota,,0,,Missing source + detected failure,open,no-source,Missing,none,0,2026-09-27 06:31,2026-09-27 06:31,https://www.gowayfind.com/places/ChIJJ-XKHFMxw4gR5IiPvWIWnQk
ChIJwReTmyQ0w4gRJmVf1_VyGts,(NEW) The Guesthouse (near Lakewood Ranch),hotels,manatee-sarasota,,0,,Missing source + detected failure,open,no-source,Missing,rejected,5,2026-09-16 02:58,2026-10-01 00:20,https://www.gowayfind.com/places/ChIJwReTmyQ0w4gRJmVf1_VyGts
ChIJiUmUHGk0w4gR6Fa5hllUI_4,2026 Unique Resort-Style Stay on Wheels!! Sleeps 2-4 We deliver & Set Up!,hotels,manatee-sarasota,,0,,Missing source + detected failure,open,no-source,Missing,none,0,2026-09-27 06:31,2026-09-27 06:31,https://www.gowayfind.com/places/ChIJiUmUHGk0w4gR6Fa5hllUI_4
ChIJVwSvY8xSw4gR6u8F5OaDYtE,Affordable 3 bed 2 bath and a 4th office room on 3-acre lot close to Siesta Key,hotels,manatee-sarasota,,0,,Missing source + detected failure,open,no-source,Missing,rejected,5,2026-09-12 07:23,2026-09-28 00:20,https://www.gowayfind.com/places/ChIJVwSvY8xSw4gR6u8F5OaDYtE
ChIJXQ8jth1Tw4gR99-Xd_b_T2c,"BEAUTIFUL HOUSE NEAR BEACH w/ Private Heated Pool, Wi-Fi+MORE",hotels,manatee-sarasota,,0,,Missing source + detected failure,unresolved,no-source,Missing,rejected,6,2026-09-11 17:27,2026-10-04 00:21,https://www.gowayfind.com/places/ChIJXQ8jth1Tw4gR99-Xd_b_T2c
ChIJh85NZRtTw4gRgfOfi5IrTC8,Brand New Bright & Spacious 4 Bedroom Home with a Heated Pool.,hotels,manatee-sarasota,,0,,Missing source + detected failure,unresolved,no-source,Missing,rejected,6,2026-09-14 10:31,2026-09-30 09:22,https://www.gowayfind.com/places/ChIJh85NZRtTw4gRgfOfi5IrTC8
ChIJ-RgtYRtTw4gRane0_EvcafQ,Centrally Located North Port Home with Private Lanai - Holiday Home,hotels,manatee-sarasota,,0,,Missing source + detected failure,open,no-source,Missing,none,0,2026-09-27 06:31,2026-09-27 06:31,https://www.gowayfind.com/places/ChIJ-RgtYRtTw4gRane0_EvcafQ
ChIJGdxqnk40w4gRQXdoAR4ThK8,Charming 3-bedroom house in Serene Myakka City near Freedom Factory Terranova,hotels,manatee-sarasota,,0,,Missing source + detected failure,open,no-source,Missing,none,0,2026-09-27 06:31,2026-09-27 06:31,https://www.gowayfind.com/places/ChIJGdxqnk40w4gRQXdoAR4ThK8
ChIJn8TUXWY0w4gRmxE30imUpw8,Charming and peaceful country home on 5 acres. Welcome to paradise!,hotels,manatee-sarasota,,0,,Missing source + detected failure,open,no-source,Missing,none,0,2026-09-27 06:31,2026-09-27 06:31,https://www.gowayfind.com/places/ChIJn8TUXWY0w4gRmxE30imUpw8
ChIJKS3evmg0w4gRLVni8WjWa3k,Charming and peaceful country home on 5 acres. Welcome to paradise!\n,hotels,manatee-sarasota,,0,,Missing source + detected failure,open,no-source,Missing,none,0,2026-09-27 06:31,2026-09-27 06:31,https://www.gowayfind.com/places/ChIJKS3evmg0w4gRLVni8WjWa3k
ChIJDz_R1wRTw4gRCHFugC3Y6I4,Close to brand new Downtown WellenPark Warm Minerals Costco,hotels,manatee-sarasota,,0,,Missing source + detected failure,unresolved,no-source,Missing,rejected,6,2026-09-10 15:24,2026-10-04 00:21,https://www.gowayfind.com/places/ChIJDz_R1wRTw4gRCHFugC3Y6I4
ChIJ6_-DSrQzw4gR9AWh9DGCBS0,Country Cottage on Lake Manatee / Lakewood Ranch,hotels,manatee-sarasota,,0,,Missing source + detected failure,unresolved,no-source,Missing,rejected,6,2026-09-11 19:39,2026-10-04 00:21,https://www.gowayfind.com/places/ChIJ6_-DSrQzw4gR9AWh9DGCBS0
ChIJZ9m87eMzw4gR2PMwniSZ5nY,Country Home Horse Lovers Paradise,hotels,manatee-sarasota,,0,,Missing source + detected failure,open,no-source,Missing,rejected,5,2026-09-15 19:18,2026-09-30 09:22,https://www.gowayfind.com/places/ChIJZ9m87eMzw4gR2PMwniSZ5nY
ChIJGcgGTO9Kw4gRkwmiNwljPzk,Cozy farm home 2 miles from Terra Nova and 14 miles from Lakewood Ranch.,hotels,manatee-sarasota,,0,,Missing source + detected failure,open,no-source,Missing,rejected,5,2026-09-16 02:58,2026-10-01 00:20,https://www.gowayfind.com/places/ChIJGcgGTO9Kw4gRkwmiNwljPzk
ChIJB2P44dhSw4gR8314oo54H6k,Cozy Home in Quiet Neighborhood in North Port,hotels,manatee-sarasota,,0,,Missing source + detected failure,open,no-source,Missing,none,0,2026-09-27 06:31,2026-09-27 06:31,https://www.gowayfind.com/places/ChIJB2P44dhSw4gR8314oo54H6k
ChIJSUkeHWk0w4gRi-t5of5Y_Xw,Marvelous 3-bedroom Recreation Vehicle in Myakka City-Delivery Available,hotels,manatee-sarasota,,0,,Missing source + detected failure,open,no-source,Missing,none,0,2026-09-27 06:31,2026-09-27 06:31,https://www.gowayfind.com/places/ChIJSUkeHWk0w4gRi-t5of5Y_Xw
ChIJjfUjBtFSw4gRmhkD7kCgHCw,Modern New Build in Tropical Paradise,hotels,manatee-sarasota,,0,,Missing source + detected failure,unresolved,no-source,Missing,rejected,6,2026-09-09 17:22,2026-10-04 00:20,https://www.gowayfind.com/places/ChIJjfUjBtFSw4gRmhkD7kCgHCw
ChIJ01aE7tJSw4gRVNIqnet7BkY,New Home for Your Dream Getaway,hotels,manatee-sarasota,,0,,Missing source + detected failure,open,no-source,Missing,rejected,5,2026-09-13 08:29,2026-09-29 00:20,https://www.gowayfind.com/places/ChIJ01aE7tJSw4gRVNIqnet7BkY
ChIJcdh4TLQzw4gRoM2RBn0hMgc,NEW-Lakefront /on 5 acres /near Lakewood Ranch / Pool / Pet Friendly,hotels,manatee-sarasota,,0,,Missing source + detected failure,open,no-source,Missing,none,0,2026-09-27 06:31,2026-09-27 06:31,https://www.gowayfind.com/places/ChIJcdh4TLQzw4gRoM2RBn0hMgc
ChIJFwKESrQzw4gRHpNz-1J6Auo,New-Lakewood Ranch / Private Cottage & Pool/ Boat Guide for Lake boating,hotels,manatee-sarasota,,0,,Missing source + detected failure,open,no-source,Missing,none,0,2026-09-27 06:31,2026-09-27 06:31,https://www.gowayfind.com/places/ChIJFwKESrQzw4gRHpNz-1J6Auo
ChIJacGbH2I0w4gRb8MHnXldAHg,Perfect Old Florida Getaway At A Great Price: Not Your Average Touristy Condo,hotels,manatee-sarasota,,0,,Missing source + detected failure,open,no-source,Missing,none,0,2026-09-27 06:31,2026-09-27 06:31,https://www.gowayfind.com/places/ChIJacGbH2I0w4gRb8MHnXldAHg
ChIJY1hRAqY2w4gRs3TudPikDDE,Private Estate on 10 Acres w/ Pool in Bradenton,hotels,manatee-sarasota,,0,,Missing source + detected failure,open,no-source,Missing,none,0,2026-09-27 06:31,2026-09-27 06:31,https://www.gowayfind.com/places/ChIJY1hRAqY2w4gRs3TudPikDDE
ChIJaxdUAqY2w4gRH_n1mKZ1y5k,Private Estate on 10 Acres with Pool in Bradenton - Vacation Home,hotels,manatee-sarasota,,0,,Missing source + detected failure,open,no-source,Missing,none,0,2026-09-27 06:31,2026-09-27 06:31,https://www.gowayfind.com/places/ChIJaxdUAqY2w4gRH_n1mKZ1y5k
ChIJaSRxSrQzw4gR3iaR4KIcmYk,Private Waterfront Cottage with pool on 5 Acres Lakewood Ranch Area in Myakka FL - Entire Place,hotels,manatee-sarasota,,0,,Missing source + detected failure,open,no-source,Missing,none,0,2026-09-27 06:31,2026-09-27 06:31,https://www.gowayfind.com/places/ChIJaSRxSrQzw4gR3iaR4KIcmYk
ChIJV44mNfBJw4gRx_bKuqjWoF8,Quaint Country Charm! Private Guest House,hotels,manatee-sarasota,,0,,Missing source + detected failure,open,no-source,Missing,none,0,2026-09-27 06:31,2026-09-27 06:31,https://www.gowayfind.com/places/ChIJV44mNfBJw4gRx_bKuqjWoF8
ChIJIQVwwWlJw4gRcwzSIib5frM,"Sarasota, FL / Ranch Setting / Siesta Key Beach / City - County of Sarasota",hotels,manatee-sarasota,,0,,Missing source + detected failure,open,no-source,Missing,rejected,5,2026-09-15 21:51,2026-09-30 09:22,https://www.gowayfind.com/places/ChIJIQVwwWlJw4gRcwzSIib5frM
ChIJXaFHQCMww4gRiAo06B2VcZM,Serene 4-bedroom house with AC in charming Parrish,hotels,manatee-sarasota,,0,,Missing source + detected failure,open,no-source,Missing,none,0,2026-09-27 06:31,2026-09-27 06:31,https://www.gowayfind.com/places/ChIJXaFHQCMww4gRiAo06B2VcZM
ChIJnwxrcTdJw4gR1j0UafVJLbY,Spacious 4 /2 with pool /spa near Myakka Park 30 min from Beaches,hotels,manatee-sarasota,,0,,Missing source + detected failure,open,no-source,Missing,none,0,2026-09-27 06:31,2026-09-27 06:31,https://www.gowayfind.com/places/ChIJnwxrcTdJw4gR1j0UafVJLbY
ChIJYwfdxaw2w4gRrOjSzx4BmAY,Top-notch incredible stay,hotels,manatee-sarasota,,0,,Missing source + detected failure,open,no-source,Missing,none,0,2026-09-27 06:31,2026-09-27 06:31,https://www.gowayfind.com/places/ChIJYwfdxaw2w4gRrOjSzx4BmAY
ChIJdfGxUwNTw4gRtlq10hkqNh0,"Tranquil & Spacious Family Retreat, Swimming Pool!",hotels,manatee-sarasota,,0,,Missing source + detected failure,unresolved,no-source,Missing,rejected,6,2026-09-14 15:43,2026-10-04 00:20,https://www.gowayfind.com/places/ChIJdfGxUwNTw4gRtlq10hkqNh0
ChIJX5ybhbBDw4gRxSPg2Qx3pLc,Lono Tiki Bar,nightlife,manatee-sarasota,,0,,Missing source + detected failure,open,no-source,Missing,rejected,5,2026-09-16 13:52,2026-10-01 00:20,https://www.gowayfind.com/places/ChIJX5ybhbBDw4gRxSPg2Qx3pLc
ChIJpbN3GABbw4gRfdsclRHMHXs,"Winter Park,Naples, Fl",nightlife,manatee-sarasota,,0,,Missing source + detected failure,open,no-source,Missing,none,0,2026-09-27 06:31,2026-09-27 06:31,https://www.gowayfind.com/places/ChIJpbN3GABbw4gRfdsclRHMHXs
ChIJufbfQO5Tw4gR-ZUJ1W1c_ls,Artistic Level Flooring,shopping,manatee-sarasota,,0,,Missing source + detected failure,open,no-source,Missing,rejected,0,2026-09-27 06:31,2026-09-27 06:31,https://www.gowayfind.com/places/ChIJufbfQO5Tw4gR-ZUJ1W1c_ls
ChIJ5ytM4jpTw4gR1bVLcGpng_Y,Back To Eden,shopping,manatee-sarasota,,0,,Missing source + detected failure,unresolved,no-source,Missing,rejected,6,2026-09-09 17:22,2026-10-04 00:20,https://www.gowayfind.com/places/ChIJ5ytM4jpTw4gR1bVLcGpng_Y
ChIJk_rUe5Kt3IgRUtNYGMWRb0k,Dynamic Designs,shopping,manatee-sarasota,,0,,Missing source + detected failure,open,no-source,Missing,none,0,2026-09-27 06:31,2026-09-27 06:31,https://www.gowayfind.com/places/ChIJk_rUe5Kt3IgRUtNYGMWRb0k
ChIJ84u7uwAvw4gRrslHpyGX1ME,Fashiondistrictx,shopping,manatee-sarasota,,0,,Missing source + detected failure,open,no-source,Missing,none,0,2026-09-27 06:31,2026-09-27 06:31,https://www.gowayfind.com/places/ChIJ84u7uwAvw4gRrslHpyGX1ME
ChIJ-TKHk-ut3IgRRUA3ndIYTgs,Irka & Co. Studio,shopping,manatee-sarasota,,0,,Missing source + detected failure,open,no-source,Missing,none,0,2026-09-27 06:31,2026-09-27 06:31,https://www.gowayfind.com/places/ChIJ-TKHk-ut3IgRRUA3ndIYTgs
ChIJG9FHISsXw4gRONso_FFaJ2Y,Karibe Food Market,shopping,manatee-sarasota,,0,,Missing source + detected failure,open,no-source,Missing,rejected,0,2026-09-27 06:31,2026-09-27 06:31,https://www.gowayfind.com/places/ChIJG9FHISsXw4gRONso_FFaJ2Y
ChIJVzNRTzoxw4gRjiJ9yJ_zbKA,Kitchen Remodeling Seo,shopping,manatee-sarasota,,0,,Missing source + detected failure,open,no-source,Missing,rejected,0,2026-09-27 06:31,2026-09-27 06:31,https://www.gowayfind.com/places/ChIJVzNRTzoxw4gRjiJ9yJ_zbKA
ChIJFaW-VnxTw4gRrh9pvsxWQQM,Marcy's Unique Jewelry,shopping,manatee-sarasota,,0,,Missing source + detected failure,open,no-source,Missing,rejected,0,2026-09-27 06:31,2026-09-27 06:31,https://www.gowayfind.com/places/ChIJFaW-VnxTw4gRrh9pvsxWQQM
ChIJO9v4i9BTw4gReIo1tP1JFp8,Modern Choice Home,shopping,manatee-sarasota,,0,,Missing source + detected failure,open,no-source,Missing,none,0,2026-09-27 06:31,2026-09-27 06:31,https://www.gowayfind.com/places/ChIJO9v4i9BTw4gReIo1tP1JFp8
ChIJ2QVjXACt3IgRp38RQq86CT0,Paradise Shoppes of Heron Creek,shopping,manatee-sarasota,,0,,Missing source + detected failure,open,no-source,Missing,rejected,5,2026-09-12 02:38,2026-09-28 00:20,https://www.gowayfind.com/places/ChIJ2QVjXACt3IgRp38RQq86CT0
ChIJsVzyvOUVw4gRrCk05Vdzc3A,Pickleball Central Pro Shop at Dill Dinkers Sarasota,shopping,manatee-sarasota,,0,,Missing source + detected failure,open,no-source,Missing,rejected,0,2026-09-27 06:31,2026-09-27 06:31,https://www.gowayfind.com/places/ChIJsVzyvOUVw4gRrCk05Vdzc3A
ChIJV2n9SApTw4gRfrhvhg621PE,The Clay Chick,shopping,manatee-sarasota,,0,,Missing source + detected failure,open,no-source,Missing,none,0,2026-09-27 06:31,2026-09-27 06:31,https://www.gowayfind.com/places/ChIJV2n9SApTw4gRfrhvhg621PE
ChIJheqFJL43w4gRCJbEeM0LGrc,WOC worker of commission.,shopping,manatee-sarasota,,0,,Missing source + detected failure,open,no-source,Missing,rejected,0,2026-09-27 06:31,2026-09-27 06:31,https://www.gowayfind.com/places/ChIJheqFJL43w4gRCJbEeM0LGrc
ChIJXSjMOWd_3YgR7IaYUVKFrms,Everglazed Donuts & Cold Brew,food,orlando,,0,,Missing source + detected failure,open,no-source,Missing,rejected,0,2026-09-27 06:31,2026-09-27 06:31,https://www.gowayfind.com/places/ChIJXSjMOWd_3YgR7IaYUVKFrms
ChIJ-wrCSgB754gRTbTESDAxdHI,Paper Kites,food,orlando,,0,,Missing source + detected failure,open,no-source,Missing,rejected,0,2026-09-27 06:31,2026-09-27 06:31,https://www.gowayfind.com/places/ChIJ-wrCSgB754gRTbTESDAxdHI
ChIJ68e6deyL3YgRlAvMjqUx5_Q,Vital Fit Tea,food,orlando,,0,,Missing source + detected failure,open,no-source,Missing,rejected,0,2026-09-27 06:31,2026-09-27 06:31,https://www.gowayfind.com/places/ChIJ68e6deyL3YgRlAvMjqUx5_Q
ChIJ3YWUdhfPwogRKWXPqUSuTp4,Dill Dinkers Pickleball,attractions,tampa,,0,,Missing source + detected failure,open,no-source,Missing,rejected,0,2026-09-27 06:31,2026-09-27 06:31,https://www.gowayfind.com/places/ChIJ3YWUdhfPwogRKWXPqUSuTp4
ChIJFwrRu7o33YgRIuZ-0QgeCVQ,Fox Squirrel Corn Maze,attractions,tampa,,0,,Missing source + detected failure,open,no-source,Missing,rejected,1,2026-09-26 20:49,2026-09-27 01:20,https://www.gowayfind.com/places/ChIJFwrRu7o33YgRIuZ-0QgeCVQ
ChIJT8BF0djXwogRxs-Rfo6eN48,Real Deal Pickleball,attractions,tampa,,0,,Missing source + detected failure,open,no-source,Missing,rejected,0,2026-09-27 06:31,2026-09-27 06:31,https://www.gowayfind.com/places/ChIJT8BF0djXwogRxs-Rfo6eN48
ChIJXWsThgfDwogR_-ziXU7J9js,Santí Lounge | MidTown,attractions,tampa,,0,,Missing source + detected failure,open,no-source,Missing,none,0,2026-09-27 06:31,2026-09-27 06:31,https://www.gowayfind.com/places/ChIJXWsThgfDwogR_-ziXU7J9js
ChIJE5fsBADtwogRJ-3mC_8p94o,The Links,attractions,tampa,,0,,Missing source + detected failure,open,no-source,Missing,rejected,0,2026-09-27 06:31,2026-09-27 06:31,https://www.gowayfind.com/places/ChIJE5fsBADtwogRJ-3mC_8p94o
ChIJzUJoxozRwogR_OtzJyAaFHc,Aji Eatery,food,tampa,,0,,Missing source + detected failure,open,no-source,Missing,rejected,0,2026-09-27 06:31,2026-09-27 06:31,https://www.gowayfind.com/places/ChIJzUJoxozRwogR_OtzJyAaFHc
ChIJm_MbVcLHwogRdDvs5papv1A,Burger Culture Lutz,food,tampa,,0,,Missing source + detected failure,open,no-source,Missing,rejected,0,2026-09-27 06:31,2026-09-27 06:31,https://www.gowayfind.com/places/ChIJm_MbVcLHwogRdDvs5papv1A
ChIJYQCTNOCxwogR77eUWAEbqwQ,Farmer's Milk Cafe & Bakery,food,tampa,,0,,Missing source + detected failure,open,no-source,Missing,rejected,0,2026-09-27 06:31,2026-09-27 06:31,https://www.gowayfind.com/places/ChIJYQCTNOCxwogR77eUWAEbqwQ
ChIJ_5yVrBY13YgRwSgyH1hrRjg,Keel Farms Agrarian at Keel Farms,food,tampa,,0,,Missing source + detected failure,open,no-source,Missing,rejected,1,2026-09-27 03:42,2026-09-27 01:20,https://www.gowayfind.com/places/ChIJ_5yVrBY13YgRwSgyH1hrRjg
ChIJY3KCA1PFwogRsqAAtdEPqT4,M&R Cafe Southern Cuisine,food,tampa,,0,,Missing source + detected failure,open,no-source,Missing,rejected,0,2026-09-27 06:31,2026-09-27 06:31,https://www.gowayfind.com/places/ChIJY3KCA1PFwogRsqAAtdEPqT4
ChIJKyxHD4fhwogR1O-zkiFq51o,The Frog Pond Downtown St. Petersburg,food,tampa,,0,,Missing source + detected failure,open,no-source,Missing,rejected,5,2026-09-12 15:46,2026-09-28 00:20,https://www.gowayfind.com/places/ChIJKyxHD4fhwogR1O-zkiFq51o
ChIJbyotrqf-wogRJwMPtUFijn8,The Frog Pond North Redington Beach,food,tampa,,0,,Missing source + detected failure,open,no-source,Missing,rejected,0,2026-09-27 06:31,2026-09-27 06:31,https://www.gowayfind.com/places/ChIJbyotrqf-wogRJwMPtUFijn8
ChIJcX8K3HADw4gRCgXXlZf5ccY,The Frog Pond SPB,food,tampa,,0,,Missing source + detected failure,open,no-source,Missing,rejected,0,2026-09-27 06:31,2026-09-27 06:31,https://www.gowayfind.com/places/ChIJcX8K3HADw4gRCgXXlZf5ccY
ChIJRXIWGB_FwogR8PtLImhRwC4,"Something Borrowed, Something Booze",nightlife,tampa,,0,,Missing source + detected failure,unresolved,no-source,Missing,rejected,6,2026-09-09 21:37,2026-10-04 00:20,https://www.gowayfind.com/places/ChIJRXIWGB_FwogR8PtLImhRwC4
ChIJWSN54VZBw4gRJeqLPipSLEM,Le Mans Kitchen,food,manatee-sarasota,5,932,99,Detected broken/unavailable photo,open,source-unavailable,Present,rejected,1,2026-09-26 16:51,2026-09-27 01:20,https://www.gowayfind.com/places/ChIJWSN54VZBw4gRJeqLPipSLEM
ChIJrzy1HQOhwogRk0iEHc0pMp8,Cheese Dreams llc,food,spring-hill-fl,5,871,99,Detected broken/unavailable photo,open,source-unavailable,Present,rejected,1,2026-09-26 14:38,2026-09-27 01:21,https://www.gowayfind.com/places/ChIJrzy1HQOhwogRk0iEHc0pMp8
ChIJY_kA8nfjwogR1AhPPGA2k7o,Tealicious Cafe,food,st-pete,5,865,99,Detected broken/unavailable photo,open,source-unavailable,Present,rejected,1,2026-09-26 11:17,2026-09-27 01:20,https://www.gowayfind.com/places/ChIJY_kA8nfjwogR1AhPPGA2k7o
ChIJTQ2H-0JblQIRRUBq0CGvwJQ,Apollo Beach Fishing Charters,beach,tampa,5,921,99,Detected broken/unavailable photo,open,source-unavailable,Present,rejected,1,2026-09-26 11:08,2026-09-27 01:20,https://www.gowayfind.com/places/ChIJTQ2H-0JblQIRRUBq0CGvwJQ
ChIJSzFosAERw4gRdoKp0B-JmGY,AMI Paddleboard & Kayak Adventures,attractions,manatee-sarasota,5,622,98,Detected broken/unavailable photo,open,source-unavailable,Present,rejected,0,2026-09-27 06:27,2026-09-27 01:57,https://www.gowayfind.com/places/ChIJSzFosAERw4gRdoKp0B-JmGY
ChIJJ1O7nANrw4gRH8y1qHMjpRs,Arcade Monsters,attractions,manatee-sarasota,4.9,3329,98,Detected broken/unavailable photo,open,source-unavailable,Present,rejected,0,2026-09-27 07:57,2026-09-27 07:57,https://www.gowayfind.com/places/ChIJJ1O7nANrw4gRH8y1qHMjpRs
ChIJISlLiM6t2YgReRzbdabC0W0,La Birra Bar (Burgers) - North Miami Beach,food,miami-dade,4.9,20987,98,Detected broken/unavailable photo,unresolved,source-unavailable,Present,rejected,6,2026-09-09 14:08,2026-10-02 00:21,https://www.gowayfind.com/places/ChIJISlLiM6t2YgReRzbdabC0W0
ChIJ_d7qfyZ754gRyOqj54Qin6s,Yak & Yeti Restaurant,food,orlando,4.9,15552,98,Detected broken/unavailable photo,open,source-unavailable,Present,rejected,1,2026-09-27 02:27,2026-09-27 01:20,https://www.gowayfind.com/places/ChIJ_d7qfyZ754gRyOqj54Qin6s
ChIJgzsFCwDjk4gR-TXhrj1Dyvk,Lawless Coast Brewing,nightlife,panama-city-florida,5,530,98,Detected broken/unavailable photo,unresolved,source-unavailable,Present,rejected,6,2026-09-09 14:08,2026-10-01 00:21,https://www.gowayfind.com/places/ChIJgzsFCwDjk4gR-TXhrj1Dyvk
ChIJAQDQiIbiwogR8tLyfxon6k8,Salty Pelican Boat Tours,attractions,st-pete,5,541,98,Detected broken/unavailable photo,open,source-unavailable,Present,rejected,1,2026-09-26 11:08,2026-09-27 01:20,https://www.gowayfind.com/places/ChIJAQDQiIbiwogR8tLyfxon6k8
ChIJs8jv9SkDw4gRbkvymXmzn2U,Scupper's Watersports,attractions,st-pete,5,584,98,Detected broken/unavailable photo,open,source-unavailable,Present,rejected,1,2026-09-26 11:08,2026-09-27 01:20,https://www.gowayfind.com/places/ChIJs8jv9SkDw4gRbkvymXmzn2U
ChIJkeB3AiDhwogRFErS2ugR_58,St. Pete Comedy Club,nightlife,st-pete,5,653,98,Detected broken/unavailable photo,open,source-unavailable,Present,rejected,0,2026-09-27 06:57,2026-09-27 06:57,https://www.gowayfind.com/places/ChIJkeB3AiDhwogRFErS2ugR_58
ChIJk3a3eQuVkIgRmcY_5DibS3U,Lotus Crepe & Coffee Shop,food,florida,4.9,858,97,Detected broken/unavailable photo,unresolved,source-unavailable,Present,rejected,6,2026-09-09 14:08,2026-10-02 00:21,https://www.gowayfind.com/places/ChIJk3a3eQuVkIgRmcY_5DibS3U
ChIJFUpHlqgn5IgRoyPsS4JRXT8,Myth & Legend,food,st-augustine-fl,4.9,748,97,Detected broken/unavailable photo,unresolved,source-unavailable,Present,rejected,6,2026-09-08 22:48,2026-10-01 00:22,https://www.gowayfind.com/places/ChIJFUpHlqgn5IgRoyPsS4JRXT8
ChIJsVFP9K4Cw4gRzjmcACG-roQ,Suncoast Watersports,attractions,st-pete,4.9,2073,97,Detected broken/unavailable photo,open,source-unavailable,Present,rejected,1,2026-09-26 11:03,2026-09-27 01:20,https://www.gowayfind.com/places/ChIJsVFP9K4Cw4gRzjmcACG-roQ
ChIJHRNBAVThwogRvaM72MQeI8M,YogaSix St Petersburg,attractions,st-pete,4.9,1114,97,Detected broken/unavailable photo,open,source-unavailable,Present,rejected,1,2026-09-26 11:03,2026-09-27 01:20,https://www.gowayfind.com/places/ChIJHRNBAVThwogRvaM72MQeI8M
ChIJzchCcZ3ZwogR9mIGNHp9Tyc,Poseidon Fishing Charters,attractions,tampa,4.9,1852,97,Detected broken/unavailable photo,open,source-unavailable,Present,rejected,1,2026-09-27 07:42,2026-09-27 01:20,https://www.gowayfind.com/places/ChIJzchCcZ3ZwogR9mIGNHp9Tyc
ChIJ80weZkznwogR2A_dSR0M56A,Small Batch Creamery,food,tampa,4.9,1044,97,Detected broken/unavailable photo,open,source-unavailable,Present,rejected,1,2026-09-26 21:57,2026-09-27 01:20,https://www.gowayfind.com/places/ChIJ80weZkznwogR2A_dSR0M56A
ChIJg8xZdmb92IgR-8aLCbCT9jM,Pompano Beach Fisher Family Pier,beach,broward,4.8,4871,96,Detected broken/unavailable photo,open,source-unavailable,Present,rejected,4,2026-09-09 10:39,2026-09-28 00:21,https://www.gowayfind.com/places/ChIJg8xZdmb92IgR-8aLCbCT9jM
ChIJMU6sagC30YgRimllJs6Ue70,Southernmost Pint Brewpub - Blast Beer Company Brewery,nightlife,key-west,4.9,478,96,Detected broken/unavailable photo,unresolved,source-unavailable,Present,rejected,6,2026-09-09 10:39,2026-10-01 00:20,https://www.gowayfind.com/places/ChIJMU6sagC30YgRimllJs6Ue70
ChIJ_56Ux2sxw4gRlOrfV0oGyAs,Golf Therapy Club,attractions,manatee-sarasota,5,262,96,Detected broken/unavailable photo,open,source-unavailable,Present,rejected,0,2026-09-27 04:57,2026-09-27 04:57,https://www.gowayfind.com/places/ChIJ_56Ux2sxw4gRlOrfV0oGyAs
ChIJ8WChFPpDw4gRlTk4BsAZG-Y,Low Tide Tours Tiki Boat,attractions,manatee-sarasota,4.9,687,96,Detected broken/unavailable photo,open,source-unavailable,Present,rejected,1,2026-09-26 19:00,2026-09-27 01:21,https://www.gowayfind.com/places/ChIJ8WChFPpDw4gRlTk4BsAZG-Y
ChIJh57wc9Q7w4gRMCBML0b4hH4,ULTIMATE IV AND WELLNESS,attractions,manatee-sarasota,5,241,96,Detected broken/unavailable photo,open,source-unavailable,Present,rejected,0,2026-09-27 00:57,2026-09-27 00:57,https://www.gowayfind.com/places/ChIJh57wc9Q7w4gRMCBML0b4hH4
ChIJt_rH-qQp2YgRVCQiSJ3NXzs,Holocaust Memorial Miami Beach,beach,miami-dade,4.8,3117,96,Detected broken/unavailable photo,unresolved,source-unavailable,Present,rejected,6,2026-09-09 10:39,2026-10-01 00:21,https://www.gowayfind.com/places/ChIJt_rH-qQp2YgRVCQiSJ3NXzs
ChIJaeATUADD2YgR0uTrLIvYTd4,First Watch,food,miami-dade,4.8,2462,96,Detected broken/unavailable photo,open,source-unavailable,Present,rejected,1,2026-09-26 08:55,2026-09-27 01:20,https://www.gowayfind.com/places/ChIJaeATUADD2YgR0uTrLIvYTd4
ChIJwZ_GK-d-54gRLBNUdr8UIDo,Bubba Gump Shrimp Co.,food,orlando,4.8,27534,96,Detected broken/unavailable photo,open,source-unavailable,Present,rejected,1,2026-09-27 02:22,2026-09-27 01:20,https://www.gowayfind.com/places/ChIJwZ_GK-d-54gRLBNUdr8UIDo
ChIJK7aMwxyE3YgRzJHwdCNMghU,Kissimmee Produce,shopping,orlando,4.8,4950,96,Detected broken/unavailable photo,unresolved,source-unavailable,Present,rejected,6,2026-09-09 14:08,2026-10-01 00:21,https://www.gowayfind.com/places/ChIJK7aMwxyE3YgRzJHwdCNMghU
ChIJq5TCJwCHk4gRkcMCpYdGOUA,Ario Restaurant and Grill,food,panama-city-florida,4.9,431,96,Detected broken/unavailable photo,unresolved,source-unavailable,Present,rejected,6,2026-09-09 10:39,2026-10-01 00:21,https://www.gowayfind.com/places/ChIJq5TCJwCHk4gRkcMCpYdGOUA
ChIJ0Y420vcD2YgRBTM8a9ztLD8,Pompano Beach Pier,attractions,pompano-beach-fl,4.9,654,96,Detected broken/unavailable photo,open,source-unavailable,Present,rejected,4,2026-09-09 10:39,2026-09-28 00:21,https://www.gowayfind.com/places/ChIJ0Y420vcD2YgRBTM8a9ztLD8
ChIJTcziERsD2YgRT8ARmHUyD_M,The Soulful Steep,food,pompano-beach-fl,4.9,454,96,Detected broken/unavailable photo,unresolved,source-unavailable,Present,rejected,6,2026-09-09 14:08,2026-10-01 00:22,https://www.gowayfind.com/places/ChIJTcziERsD2YgRT8ARmHUyD_M
ChIJ3zjVK9v9wogRxWtkuy2rMsA,The Saint Hotel,hotels,st-pete,4.9,423,96,Detected broken/unavailable photo,open,source-unavailable,Present,rejected,1,2026-09-26 11:06,2026-09-27 01:20,https://www.gowayfind.com/places/ChIJ3zjVK9v9wogRxWtkuy2rMsA
ChIJZwtPRNls24gR6rc8-WECs2Y,Fort Myers Brewing Company,nightlife,immokalee-fl,4.8,1259,95,Detected broken/unavailable photo,unresolved,source-unavailable,Present,rejected,6,2026-09-08 22:48,2026-10-02 00:20,https://www.gowayfind.com/places/ChIJZwtPRNls24gR6rc8-WECs2Y
ChIJAQDpFLfe0IgR9UYIPDuX6Gk,Irie Island Eats,shopping,keys,4.8,1321,95,Detected broken/unavailable photo,open,source-unavailable,Present,rejected,4,2026-09-09 10:39,2026-09-28 00:21,https://www.gowayfind.com/places/ChIJAQDpFLfe0IgR9UYIPDuX6Gk
ChIJOUBQFYARw4gRJbDt6elyWVI,Anna Maria Island Coffee Shack,food,manatee-sarasota,4.9,345,95,Detected broken/unavailable photo,open,source-unavailable,Present,rejected,1,2026-09-26 11:09,2026-09-27 01:20,https://www.gowayfind.com/places/ChIJOUBQFYARw4gRJbDt6elyWVI
ChIJeVCWeJet3IgRfU5xlyHe4aI,Savor 100x35,food,manatee-sarasota,4.8,681,95,Detected broken/unavailable photo,open,source-unavailable,Present,rejected,1,2026-09-26 12:51,2026-09-27 01:20,https://www.gowayfind.com/places/ChIJeVCWeJet3IgRfU5xlyHe4aI
ChIJ2eDnNQBVw4gRuEtlowfuUXo,Toasty's,food,manatee-sarasota,4.9,389,95,Detected broken/unavailable photo,open,source-unavailable,Present,rejected,1,2026-09-26 12:51,2026-09-27 01:20,https://www.gowayfind.com/places/ChIJ2eDnNQBVw4gRuEtlowfuUXo
ChIJ9WRVnG4h2YgROggdDpmBazU,Candy Wonderland - Delray Beach,beach,palm-beach,4.8,714,95,Detected broken/unavailable photo,open,source-unavailable,Present,rejected,4,2026-09-09 10:39,2026-09-28 00:21,https://www.gowayfind.com/places/ChIJ9WRVnG4h2YgROggdDpmBazU
ChIJsTDeEVCVwogRpAYZcyvYxso,De Coffee Bloom,food,spring-hill-fl,4.9,338,95,Detected broken/unavailable photo,unresolved,source-unavailable,Present,rejected,6,2026-09-09 14:08,2026-10-01 00:21,https://www.gowayfind.com/places/ChIJsTDeEVCVwogRpAYZcyvYxso
ChIJgbu8sATR5YgRl7kG1u92_6c,Riverfront Park,attractions,st-augustine-fl,4.8,686,95,Detected broken/unavailable photo,unresolved,source-unavailable,Present,rejected,6,2026-09-08 22:48,2026-10-02 00:20,https://www.gowayfind.com/places/ChIJgbu8sATR5YgRl7kG1u92_6c
ChIJJRtDeRLhwogRj3rCMiLPQWE,Flora Wylie Park,attractions,tampa,4.8,871,95,Detected broken/unavailable photo,open,source-unavailable,Present,rejected,1,2026-09-26 11:15,2026-09-27 01:20,https://www.gowayfind.com/places/ChIJJRtDeRLhwogRj3rCMiLPQWE
ChIJM3CugoKA3YgRV1x2KktePi0,Discovery Cove,attractions,avon-park-fl,4.7,14838,94,Detected broken/unavailable photo,open,source-unavailable,Present,rejected,1,2026-09-26 11:08,2026-09-27 01:20,https://www.gowayfind.com/places/ChIJM3CugoKA3YgRV1x2KktePi0
ChIJNZFmmIgX3YgRP6hMLXU3Tvw,Wonder House,attractions,avon-park-fl,4.8,448,94,Detected broken/unavailable photo,unresolved,source-unavailable,Present,rejected,6,2026-09-09 14:08,2026-10-01 00:21,https://www.gowayfind.com/places/ChIJNZFmmIgX3YgRP6hMLXU3Tvw
ChIJV8DoczD92IgR8kj3JIa0EwQ,SoBol Lauderdale by the Sea,shopping,broward,4.9,219,94,Detected broken/unavailable photo,unresolved,source-unavailable,Present,rejected,6,2026-09-09 10:39,2026-10-01 00:21,https://www.gowayfind.com/places/ChIJV8DoczD92IgR8kj3JIa0EwQ
ChIJuY71QeH3wogRZAWr8OPVKpY,Chadillac Adventures - Clearwater Beach,beach,florida,4.9,231,94,Detected broken/unavailable photo,open,source-unavailable,Present,rejected,4,2026-09-09 10:39,2026-09-28 00:21,https://www.gowayfind.com/places/ChIJuY71QeH3wogRZAWr8OPVKpY
ChIJb7me-bqB54gREDjiGLB81FA,Allyson A Bake Shop,food,florida,4.8,606,94,Detected broken/unavailable photo,open,source-unavailable,Present,rejected,1,2026-09-26 12:49,2026-09-27 01:20,https://www.gowayfind.com/places/ChIJb7me-bqB54gREDjiGLB81FA
ChIJ68KQvyDd5ogRp5BhQ62tEfA,Twin Peaks,nightlife,florida,4.7,6942,94,Detected broken/unavailable photo,unresolved,source-unavailable,Present,rejected,6,2026-09-08 22:48,2026-10-01 00:22,https://www.gowayfind.com/places/ChIJ68KQvyDd5ogRp5BhQ62tEfA
ChIJV6WLBI4d24gRTW5PsSmtlI0,Suga Suga Naples Cafe,food,immokalee-fl,5,172,94,Detected broken/unavailable photo,unresolved,source-unavailable,Present,rejected,6,2026-09-09 14:08,2026-10-01 00:21,https://www.gowayfind.com/places/ChIJV6WLBI4d24gRTW5PsSmtlI0
ChIJVx4vtnob24gRAMimnaYYceo,The Bohemian Restaurant,food,immokalee-fl,4.8,427,94,Detected broken/unavailable photo,open,source-unavailable,Present,rejected,4,2026-09-09 10:39,2026-09-28 00:21,https://www.gowayfind.com/places/ChIJVx4vtnob24gRAMimnaYYceo
ChIJg06hpUas3IgRALjzcVEea7k,Los Dos Cristianos Coffee Shop,food,manatee-sarasota,4.8,509,94,Detected broken/unavailable photo,open,source-unavailable,Present,rejected,1,2026-09-26 12:51,2026-09-27 01:20,https://www.gowayfind.com/places/ChIJg06hpUas3IgRALjzcVEea7k
ChIJsRAN-H5Bw4gRl0sAl0587IY,Crop Juice,shopping,manatee-sarasota,4.8,434,94,Detected broken/unavailable photo,open,source-unavailable,Present,rejected,1,2026-09-26 11:14,2026-09-27 01:20,https://www.gowayfind.com/places/ChIJsRAN-H5Bw4gRl0sAl0587IY
ChIJd9nFxyC02YgRVdtnh8Obwp8,Bayfront Park,attractions,miami,4.7,21711,94,Detected broken/unavailable photo,open,source-unavailable,Present,rejected,1,2026-09-26 21:42,2026-09-27 01:20,https://www.gowayfind.com/places/ChIJd9nFxyC02YgRVdtnh8Obwp8
ChIJq6gx1Duy2YgR64rg9qkb2Qc,Miami Shores Village Bayfront Park,attractions,miami,4.8,459,94,Detected broken/unavailable photo,unresolved,source-unavailable,Present,rejected,6,2026-09-09 14:08,2026-09-30 09:22,https://www.gowayfind.com/places/ChIJq6gx1Duy2YgR64rg9qkb2Qc
ChIJvRBCrN9-54gRGZuuaCLGrQE,Universal Orlando Resort,attractions,orlando,4.7,191748,94,Detected broken/unavailable photo,open,source-unavailable,Present,rejected,1,2026-09-27 08:04,2026-09-27 01:20,https://www.gowayfind.com/places/ChIJvRBCrN9-54gRGZuuaCLGrQE
ChIJe9Z6TH6A3YgRANyRFcsdhlE,Marriott's Cypress Harbour Villas,hotels,orlando,4.7,4279,94,Detected broken/unavailable photo,open,source-unavailable,Present,rejected,1,2026-09-27 02:22,2026-09-27 01:20,https://www.gowayfind.com/places/ChIJe9Z6TH6A3YgRANyRFcsdhlE
ChIJ65ovY8I33YgRE4sLpwjPVGk,Three Hands Mead Company,nightlife,orlando,5,149,94,Detected broken/unavailable photo,open,source-unavailable,Present,rejected,1,2026-09-26 13:34,2026-09-27 01:20,https://www.gowayfind.com/places/ChIJ65ovY8I33YgRE4sLpwjPVGk
ChIJrx5EmI7h2IgRO4wUwFiZH5c,Red Reef Park,attractions,palm-beach,4.7,3135,94,Detected broken/unavailable photo,unresolved,source-unavailable,Present,rejected,6,2026-09-08 22:48,2026-10-02 00:20,https://www.gowayfind.com/places/ChIJrx5EmI7h2IgRO4wUwFiZH5c
ChIJ2fpAk5PlwogRoQRYCQkrg54,Wildlife Açaí & Café,food,st-pete,4.9,246,94,Detected broken/unavailable photo,open,source-unavailable,Present,rejected,1,2026-09-26 11:06,2026-09-27 01:20,https://www.gowayfind.com/places/ChIJ2fpAk5PlwogRoQRYCQkrg54
ChIJJaceteZp8wsRAHa1g7QZTT8,Herban Flow,shopping,st-pete,4.9,259,94,Detected broken/unavailable photo,unresolved,source-unavailable,Present,rejected,6,2026-09-09 10:39,2026-10-01 00:21,https://www.gowayfind.com/places/ChIJJaceteZp8wsRAHa1g7QZTT8
ChIJdV_TKm3kwogRb-iEWcYX3OA,Sawgrass Lake Park,attractions,tampa,4.7,4680,94,Detected broken/unavailable photo,open,source-unavailable,Present,rejected,1,2026-09-26 11:07,2026-09-27 01:20,https://www.gowayfind.com/places/ChIJdV_TKm3kwogRb-iEWcYX3OA
ChIJlbfJX1HPwogRvvfHRiaRQkA,Latin Grill Tampa,food,tampa,4.7,5551,94,Detected broken/unavailable photo,open,source-unavailable,Present,rejected,1,2026-09-27 05:42,2026-09-27 01:20,https://www.gowayfind.com/places/ChIJlbfJX1HPwogRvvfHRiaRQkA
ChIJT90QLLICw4gRqwpLXArhah0,Plaza Beach Hotel - Beachfront Resort,hotels,tampa,4.7,1947,94,Detected broken/unavailable photo,open,source-unavailable,Present,rejected,1,2026-09-26 11:06,2026-09-27 01:20,https://www.gowayfind.com/places/ChIJT90QLLICw4gRqwpLXArhah0
ChIJ94cKciSr2YgRxoyH-jVgr9w,My Mama's Books Records & Cafe,shopping,broward,4.8,328,93,Detected broken/unavailable photo,unresolved,source-unavailable,Present,rejected,6,2026-09-08 22:48,2026-10-02 00:20,https://www.gowayfind.com/places/ChIJ94cKciSr2YgRxoyH-jVgr9w
ChIJV-PTCgAz5IgRgIYh5rypx0M,Fruit Time,shopping,florida,4.8,250,93,Detected broken/unavailable photo,unresolved,source-unavailable,Present,rejected,6,2026-09-09 10:39,2026-10-01 00:20,https://www.gowayfind.com/places/ChIJV-PTCgAz5IgRgIYh5rypx0M
ChIJYZ62A8GC5ogR9eKp5tHHc1g,Music Matters Remixed,shopping,florida,4.8,349,93,Detected broken/unavailable photo,unresolved,source-unavailable,Present,rejected,6,2026-09-09 14:08,2026-10-02 00:21,https://www.gowayfind.com/places/ChIJYZ62A8GC5ogR9eKp5tHHc1g
ChIJv7LuybLe0IgRtF1HaL_uPhs,Crane Point Hammock,attractions,key-west,4.7,1187,93,Detected broken/unavailable photo,unresolved,source-unavailable,Present,rejected,6,2026-09-09 10:39,2026-10-01 00:21,https://www.gowayfind.com/places/ChIJv7LuybLe0IgRtF1HaL_uPhs
ChIJo_IdHf0lw4gRHDbQNKBRE84,Ryan's Coffee House,food,manatee-sarasota,4.9,205,93,Detected broken/unavailable photo,open,source-unavailable,Present,rejected,1,2026-09-27 08:12,2026-09-27 01:20,https://www.gowayfind.com/places/ChIJo_IdHf0lw4gRHDbQNKBRE84
ChIJyQA0K904w4gRxaM8sEe5I6o,Homewood Suites by Hilton Sarasota Lakewood Ranch,hotels,manatee-sarasota,4.7,841,93,Detected broken/unavailable photo,open,source-unavailable,Present,rejected,0,2026-09-27 07:27,2026-09-27 07:27,https://www.gowayfind.com/places/ChIJyQA0K904w4gRxaM8sEe5I6o
ChIJr-d1JLyD54gRf9P5dUSlIxQ,Eggs Up Grill,food,orlando,4.7,1679,93,Detected broken/unavailable photo,open,source-unavailable,Present,rejected,1,2026-09-26 17:16,2026-09-27 01:21,https://www.gowayfind.com/places/ChIJr-d1JLyD54gRf9P5dUSlIxQ
ChIJ-QQHE8TZ2IgREeYVGXlMFaU,Four Seasons Resort Palm Beach,hotels,palm-beach,4.7,1238,93,Detected broken/unavailable photo,unresolved,source-unavailable,Present,rejected,6,2026-09-09 10:39,2026-10-01 00:21,https://www.gowayfind.com/places/ChIJ-QQHE8TZ2IgREeYVGXlMFaU
ChIJT9cio1WhwogRGdvCwIOe64U,Warehouse Coffee Co.,food,spring-hill-fl,4.8,312,93,Detected broken/unavailable photo,open,source-unavailable,Present,rejected,1,2026-09-26 14:38,2026-09-27 01:21,https://www.gowayfind.com/places/ChIJT9cio1WhwogRGdvCwIOe64U
ChIJL6t4QBoe6IgRQ88XhBPV64I,Wood Fire Pizza,food,spring-hill-fl,4.9,190,93,Detected broken/unavailable photo,open,source-unavailable,Present,rejected,1,2026-09-26 14:38,2026-09-27 01:21,https://www.gowayfind.com/places/ChIJL6t4QBoe6IgRQ88XhBPV64I
ChIJI66Y1KHjwogRRmzAkyJ8f-I,Beach Town Yoga - St. Petersburg,beach,st-pete,4.9,201,93,Detected broken/unavailable photo,unresolved,source-unavailable,Present,rejected,6,2026-09-08 22:48,2026-10-02 00:20,https://www.gowayfind.com/places/ChIJI66Y1KHjwogRRmzAkyJ8f-I
ChIJqVQPfQDlwogRgeJDxcFFkaw,beangood coffee,food,st-pete,4.8,253,93,Detected broken/unavailable photo,open,source-unavailable,Present,rejected,1,2026-09-26 11:06,2026-09-27 01:20,https://www.gowayfind.com/places/ChIJqVQPfQDlwogRgeJDxcFFkaw
ChIJvzGxVZjhwogRuEs149pZIzE,Albert Whitted Park,attractions,tampa,4.7,990,93,Detected broken/unavailable photo,open,source-unavailable,Present,rejected,1,2026-09-26 11:07,2026-09-27 01:20,https://www.gowayfind.com/places/ChIJvzGxVZjhwogRuEs149pZIzE
ChIJo798Jlcow4gRiycgzgTg1Cs,Canoe Outpost-Little Manatee River,attractions,tampa,4.7,637,93,Detected broken/unavailable photo,open,source-unavailable,Present,rejected,1,2026-09-27 05:57,2026-09-27 01:21,https://www.gowayfind.com/places/ChIJo798Jlcow4gRiycgzgTg1Cs
ChIJ8UrJfl0jw4gRiQDiFPPWabo,American Honey Creamery and Coffee Co.,food,tampa,4.7,737,93,Detected broken/unavailable photo,open,stale-reference,Present,rejected,1,2026-09-26 18:28,2026-09-27 01:21,https://www.gowayfind.com/places/ChIJ8UrJfl0jw4gRiQDiFPPWabo
ChIJ-ZFB15jtwogRpEcx2izoHr8,Charlie Coffee,food,tampa,4.8,351,93,Detected broken/unavailable photo,open,source-unavailable,Present,rejected,1,2026-09-26 11:08,2026-09-27 01:20,https://www.gowayfind.com/places/ChIJ-ZFB15jtwogRpEcx2izoHr8
ChIJbZNfC8fukIgREGWhz2-dG0g,"Wild Honey Frozen Yogurt - Pace, FL",food,florida,4.8,236,92,Detected broken/unavailable photo,unresolved,source-unavailable,Present,rejected,6,2026-09-09 10:39,2026-10-01 00:20,https://www.gowayfind.com/places/ChIJbZNfC8fukIgREGWhz2-dG0g
ChIJZfqEcqjK5YgRuE3bhqEamd4,Seasons 52,food,jacksonville-fl,4.6,3022,92,Detected broken/unavailable photo,unresolved,source-unavailable,Present,rejected,6,2026-09-08 22:48,2026-10-02 00:20,https://www.gowayfind.com/places/ChIJZfqEcqjK5YgRuE3bhqEamd4
ChIJfSIdJpvJ5YgRspg7AlQzdbs,The Cavern,nightlife,jacksonville-fl,4.8,189,92,Detected broken/unavailable photo,unresolved,source-unavailable,Present,rejected,6,2026-09-08 22:48,2026-10-02 00:20,https://www.gowayfind.com/places/ChIJfSIdJpvJ5YgRspg7AlQzdbs
ChIJ-eAq3Ny20YgRDwU3nV05Sq0,Banana Cafe,food,key-west,4.6,4850,92,Detected broken/unavailable photo,open,source-unavailable,Present,rejected,4,2026-09-09 10:39,2026-09-28 00:21,https://www.gowayfind.com/places/ChIJ-eAq3Ny20YgRDwU3nV05Sq0
ChIJN3Cny9Y8w4gRolf8PlS1tuU,Anna Maria Oyster Bar Ellenton,food,manatee-sarasota,4.6,5214,92,Detected broken/unavailable photo,open,source-unavailable,Present,rejected,1,2026-09-27 02:22,2026-09-27 01:20,https://www.gowayfind.com/places/ChIJN3Cny9Y8w4gRolf8PlS1tuU
ChIJezXNzX49w4gRSO52EHHMlto,Restaurant Edelweiss,food,manatee-sarasota,4.6,1622,92,Detected broken/unavailable photo,open,source-unavailable,Present,rejected,1,2026-09-26 08:42,2026-09-27 01:20,https://www.gowayfind.com/places/ChIJezXNzX49w4gRSO52EHHMlto
ChIJ0enaRRklw4gRbih-Q1wLFok,Restaurant iDalia,food,manatee-sarasota,4.7,371,92,Detected broken/unavailable photo,open,source-unavailable,Present,rejected,1,2026-09-27 02:22,2026-09-27 01:20,https://www.gowayfind.com/places/ChIJ0enaRRklw4gRbih-Q1wLFok
ChIJl1FW_swXw4gRK7sqP64gV3s,The Sage Biscuit Café- Downtown,food,manatee-sarasota,4.6,1766,92,Detected broken/unavailable photo,open,source-unavailable,Present,rejected,1,2026-09-26 11:07,2026-09-27 01:20,https://www.gowayfind.com/places/ChIJl1FW_swXw4gRK7sqP64gV3s
ChIJJyJpbg8Xw4gRxs18di97ZwM,The Toasted Yolk Cafe,food,manatee-sarasota,4.7,525,92,Detected broken/unavailable photo,open,source-unavailable,Present,rejected,1,2026-09-26 11:07,2026-09-27 01:20,https://www.gowayfind.com/places/ChIJJyJpbg8Xw4gRxs18di97ZwM
ChIJoY-Ejbo_w4gRy3aIIkxEG7o,The Mable - Bar & Grill,nightlife,manatee-sarasota,4.7,435,92,Detected broken/unavailable photo,open,source-unavailable,Present,rejected,1,2026-09-26 10:12,2026-09-27 01:20,https://www.gowayfind.com/places/ChIJoY-Ejbo_w4gRy3aIIkxEG7o
ChIJJQVMQuJXw4gRhD0CpEOETGo,Downtown Wellen Park,shopping,manatee-sarasota,4.7,428,92,Detected broken/unavailable photo,open,source-unavailable,Present,rejected,1,2026-09-26 11:13,2026-09-27 01:20,https://www.gowayfind.com/places/ChIJJQVMQuJXw4gRhD0CpEOETGo
ChIJ3xa3znR_54gRR3bePMYdOfg,CFS Coffee Dr. Phillips,food,orlando,4.6,1985,92,Detected broken/unavailable photo,open,source-unavailable,Present,rejected,1,2026-09-26 11:11,2026-09-27 01:20,https://www.gowayfind.com/places/ChIJ3xa3znR_54gRR3bePMYdOfg
ChIJ0x4GWJx_54gRy1vLvzn_1cA,KaLa Rooftop Restaurant,food,orlando,4.6,2673,92,Detected broken/unavailable photo,open,source-unavailable,Present,rejected,1,2026-09-26 11:01,2026-09-27 01:20,https://www.gowayfind.com/places/ChIJ0x4GWJx_54gRy1vLvzn_1cA
ChIJK-mFc4N_54gRaGua5x-mdvM,Mika Cafe,food,orlando,4.7,518,92,Detected broken/unavailable photo,open,source-unavailable,Present,rejected,1,2026-09-27 06:29,2026-09-27 01:20,https://www.gowayfind.com/places/ChIJK-mFc4N_54gRaGua5x-mdvM
ChIJx094KqTh2IgR_PAjjlXHc48,Vale Healthy Kitchen - Delray Beach,food,palm-beach,4.7,555,92,Detected broken/unavailable photo,unresolved,source-unavailable,Present,rejected,6,2026-09-09 10:39,2026-10-01 00:21,https://www.gowayfind.com/places/ChIJx094KqTh2IgR_PAjjlXHc48
ChIJOZuSagnZ2IgRGaEehRrkcIw,Eau Resort & Spa,hotels,palm-beach,4.6,2950,92,Detected broken/unavailable photo,unresolved,source-unavailable,Present,rejected,6,2026-09-08 22:48,2026-10-02 00:20,https://www.gowayfind.com/places/ChIJOZuSagnZ2IgRGaEehRrkcIw
ChIJ9c5E1K2Dk4gR94nW5Mr9so0,7 Brew Coffee,food,panama-city-florida,4.9,144,92,Detected broken/unavailable photo,unresolved,source-unavailable,Present,rejected,6,2026-09-08 22:48,2026-10-02 00:20,https://www.gowayfind.com/places/ChIJ9c5E1K2Dk4gR94nW5Mr9so0
ChIJUdJksfeTwogRMudvjNR0Gzo,The Collective at Escape Brewing Company,nightlife,spring-hill-fl,4.7,555,92,Detected broken/unavailable photo,unresolved,source-unavailable,Present,rejected,6,2026-09-09 10:39,2026-10-01 00:21,https://www.gowayfind.com/places/ChIJUdJksfeTwogRMudvjNR0Gzo
ChIJsSzTxNr9wogRj9Du3yLgZLU,John's Pass Village & Boardwalk,attractions,st-pete,4.6,2448,92,Detected broken/unavailable photo,open,stale-reference,Present,rejected,1,2026-09-26 11:14,2026-09-27 01:20,https://www.gowayfind.com/places/ChIJsSzTxNr9wogRj9Du3yLgZLU
ChIJkyrvPYXlwogR_I32c3y6M1Q,Ignite Nutrition,food,st-pete,5,107,92,Detected broken/unavailable photo,open,source-unavailable,Present,rejected,1,2026-09-26 11:06,2026-09-27 01:20,https://www.gowayfind.com/places/ChIJkyrvPYXlwogR_I32c3y6M1Q
ChIJoe_W_h_lwogRrkWZto0iglE,Patti's Kitchen Thai Street Noodles,food,st-pete,4.7,389,92,Detected broken/unavailable photo,open,source-unavailable,Present,rejected,1,2026-09-26 11:06,2026-09-27 01:20,https://www.gowayfind.com/places/ChIJoe_W_h_lwogRrkWZto0iglE
ChIJFau9o2fuwogRJdDbY8HiP8w,Safety Harbor Motel,hotels,tampa,4.8,189,92,Detected broken/unavailable photo,open,source-unavailable,Present,rejected,1,2026-09-26 11:00,2026-09-27 01:20,https://www.gowayfind.com/places/ChIJFau9o2fuwogRJdDbY8HiP8w
ChIJlX4zkXUX3YgRt69oIyc8zT4,Front Page Brewing Company,nightlife,avon-park-fl,4.7,231,91,Detected broken/unavailable photo,unresolved,source-unavailable,Present,rejected,6,2026-09-08 22:48,2026-10-02 00:20,https://www.gowayfind.com/places/ChIJlX4zkXUX3YgRt69oIyc8zT4
ChIJqREmRmUZ24gRzaskL_0KXiA,Ceremony Brewing,nightlife,immokalee-fl,4.7,228,91,Detected broken/unavailable photo,unresolved,source-unavailable,Present,rejected,6,2026-09-09 10:39,2026-10-01 00:21,https://www.gowayfind.com/places/ChIJqREmRmUZ24gRzaskL_0KXiA
ChIJX-RWar-30YgRQeMJRZGszGU,Bearded Lady Key West,nightlife,key-west,4.8,153,91,Detected broken/unavailable photo,unresolved,source-unavailable,Present,rejected,6,2026-09-09 14:08,2026-10-02 00:21,https://www.gowayfind.com/places/ChIJX-RWar-30YgRQeMJRZGszGU
ChIJsxn4vuu20YgRJkGKUfQWyuk,Flying Monkeys,nightlife,key-west,4.6,1175,91,Detected broken/unavailable photo,unresolved,source-unavailable,Present,rejected,6,2026-09-08 22:48,2026-10-02 00:20,https://www.gowayfind.com/places/ChIJsxn4vuu20YgRJkGKUfQWyuk
ChIJg50tm-u20YgRIO2o5UlQ0cA,Tiki House,nightlife,key-west,4.6,523,91,Detected broken/unavailable photo,unresolved,source-unavailable,Present,rejected,6,2026-09-09 14:08,2026-10-02 00:21,https://www.gowayfind.com/places/ChIJg50tm-u20YgRIO2o5UlQ0cA
ChIJJSK6DAolw4gR2-tcgDhSPVI,Parrish Community Park,attractions,manatee-sarasota,4.8,164,91,Detected broken/unavailable photo,open,source-unavailable,Present,rejected,1,2026-09-26 20:49,2026-09-27 01:20,https://www.gowayfind.com/places/ChIJJSK6DAolw4gR2-tcgDhSPVI
ChIJLZ2vzRxBw4gRMOtW0ArhBhw,The Bay Park,attractions,manatee-sarasota,4.7,244,91,Detected broken/unavailable photo,open,source-unavailable,Present,rejected,1,2026-09-26 11:15,2026-09-27 01:20,https://www.gowayfind.com/places/ChIJLZ2vzRxBw4gRMOtW0ArhBhw
ChIJrZEg7q222YgR3mWAXH7DdYQ,Lucky Records Miami,shopping,miami-dade,4.7,221,91,Detected broken/unavailable photo,unresolved,source-unavailable,Present,rejected,6,2026-09-09 14:08,2026-10-02 00:20,https://www.gowayfind.com/places/ChIJrZEg7q222YgR3mWAXH7DdYQ
ChIJQR-Ro50T54gRiGygXBRNP2A,Celery City Craft Beer Garden,nightlife,ocala-fl,4.6,1485,91,Detected broken/unavailable photo,open,source-unavailable,Present,rejected,4,2026-09-09 14:08,2026-09-28 00:21,https://www.gowayfind.com/places/ChIJQR-Ro50T54gRiGygXBRNP2A
ChIJ-ylla1Uf6IgR7ogkgUHe5bk,Keke's Breakfast Cafe,food,spring-hill-fl,4.6,1535,91,Detected broken/unavailable photo,unresolved,source-unavailable,Present,rejected,6,2026-09-09 14:08,2026-10-02 00:21,https://www.gowayfind.com/places/ChIJ-ylla1Uf6IgR7ogkgUHe5bk
ChIJI0u1q_Af6IgRefWTk-1eskk,Papas grill Food Truck,food,spring-hill-fl,5,85,91,Detected broken/unavailable photo,open,source-unavailable,Present,rejected,1,2026-09-26 14:38,2026-09-27 01:21,https://www.gowayfind.com/places/ChIJI0u1q_Af6IgRefWTk-1eskk
ChIJKxWXwPCNwogRhN5AqHgk1fg,Sponge City Brewing,nightlife,spring-hill-fl,4.7,317,91,Detected broken/unavailable photo,unresolved,source-unavailable,Present,rejected,6,2026-09-08 22:48,2026-10-02 00:20,https://www.gowayfind.com/places/ChIJKxWXwPCNwogRhN5AqHgk1fg
ChIJw9gj0Zgn5IgReW6Rb8Q5wvM,Hornski's Brewing Co.,nightlife,st-augustine-fl,4.8,176,91,Detected broken/unavailable photo,unresolved,source-unavailable,Present,rejected,6,2026-09-09 14:08,2026-10-01 00:22,https://www.gowayfind.com/places/ChIJw9gj0Zgn5IgReW6Rb8Q5wvM
ChIJx_5uzWnjwogRHW5qIWEKT8c,15th St Farm,attractions,st-pete,4.9,102,91,Detected broken/unavailable photo,open,source-unavailable,Present,rejected,1,2026-09-26 11:08,2026-09-27 01:20,https://www.gowayfind.com/places/ChIJx_5uzWnjwogRHW5qIWEKT8c
ChIJ8bW6uvTrwogRUorwK25q9v0,Fat Beet Farm Kitchen and Bakery,food,tampa,4.6,555,91,Detected broken/unavailable photo,open,source-unavailable,Present,rejected,1,2026-09-26 11:12,2026-09-27 01:20,https://www.gowayfind.com/places/ChIJ8bW6uvTrwogRUorwK25q9v0
ChIJE50sgWfDwogR1RZ0TIgq2aA,"Epicurean Hotel, Autograph Collection",hotels,tampa,4.6,1564,91,Detected broken/unavailable photo,open,source-unavailable,Present,rejected,1,2026-09-26 13:43,2026-09-27 01:20,https://www.gowayfind.com/places/ChIJE50sgWfDwogR1RZ0TIgq2aA
ChIJz8Dd78PlwogRM4pTJxxy4PU,Boteco Bossa Nova,nightlife,tampa,4.7,257,91,Detected broken/unavailable photo,open,source-unavailable,Present,rejected,1,2026-09-26 11:06,2026-09-27 01:20,https://www.gowayfind.com/places/ChIJz8Dd78PlwogRM4pTJxxy4PU
ChIJg3y2p5VZ3IgRCdg5m0K3XjU,The Grill at Lake Jackson,food,avon-park-fl,4.6,338,90,Detected broken/unavailable photo,unresolved,source-unavailable,Present,rejected,6,2026-09-08 22:48,2026-10-01 00:22,https://www.gowayfind.com/places/ChIJg3y2p5VZ3IgRCdg5m0K3XjU
ChIJ32l5iEzPwogRKgS0deuMITw,Seminole Hard Rock Hotel & Casino,hotels,broward,4.5,55442,90,Detected broken/unavailable photo,unresolved,source-unavailable,Present,rejected,6,2026-09-09 14:08,2026-10-01 00:22,https://www.gowayfind.com/places/ChIJ32l5iEzPwogRKgS0deuMITw
ChIJDzX4itb2wogRNKpJS2they0,ChartHouse Hotel on Clearwater Beach Marina,hotels,florida,4.7,182,90,Detected broken/unavailable photo,open,source-unavailable,Present,rejected,1,2026-09-26 11:00,2026-09-27 01:20,https://www.gowayfind.com/places/ChIJDzX4itb2wogRNKpJS2they0
ChIJ83q2O3y35YgRzNAX3TJXb9w,The District SPR,food,jacksonville-fl,4.5,1678,90,Detected broken/unavailable photo,unresolved,source-unavailable,Present,rejected,6,2026-09-09 10:39,2026-10-01 00:21,https://www.gowayfind.com/places/ChIJ83q2O3y35YgRzNAX3TJXb9w
ChIJ7bqeg0G35YgRmbBc_TyYa7c,Myrtle Avenue Brewing,nightlife,jacksonville-fl,4.7,184,90,Detected broken/unavailable photo,unresolved,source-unavailable,Present,rejected,6,2026-09-09 14:08,2026-10-01 00:21,https://www.gowayfind.com/places/ChIJ7bqeg0G35YgRmbBc_TyYa7c
ChIJOw0AivLe0IgR1QVqkYlmQD8,Porky's Bayside Restaurant and Marina,food,keys,4.5,8934,90,Detected broken/unavailable photo,unresolved,source-unavailable,Present,rejected,6,2026-09-09 14:08,2026-10-01 00:22,https://www.gowayfind.com/places/ChIJOw0AivLe0IgR1QVqkYlmQD8
ChIJ0eC3J_zQ0IgR-Jb75i_LXTI,S.S. Wreck & Galley Grill,nightlife,keys,4.5,2346,90,Detected broken/unavailable photo,unresolved,source-unavailable,Present,rejected,6,2026-09-09 14:08,2026-10-01 00:21,https://www.gowayfind.com/places/ChIJ0eC3J_zQ0IgR-Jb75i_LXTI
ChIJB91mn3Wy2YgRNWDBhM0NGjE,Little Havana Restaurant,food,miami-dade,4.5,5272,90,Detected broken/unavailable photo,unresolved,source-unavailable,Present,rejected,6,2026-09-09 14:08,2026-10-02 00:21,https://www.gowayfind.com/places/ChIJB91mn3Wy2YgRNWDBhM0NGjE
ChIJf1qDSWRv54gRNelkX91dvQQ,Tsaocaa,food,orlando,4.8,121,90,Detected broken/unavailable photo,unresolved,source-unavailable,Present,rejected,6,2026-09-09 10:39,2026-10-01 00:20,https://www.gowayfind.com/places/ChIJf1qDSWRv54gRNelkX91dvQQ
ChIJR1A4y1Qf2YgRM5PCfH0qnn0,Burt & Max's,food,palm-beach,4.5,2671,90,Detected broken/unavailable photo,unresolved,source-unavailable,Present,rejected,6,2026-09-08 22:48,2026-10-02 00:20,https://www.gowayfind.com/places/ChIJR1A4y1Qf2YgRM5PCfH0qnn0
ChIJz0MwOAAf6IgRdDBE-JCewGs,Tacobistro,food,spring-hill-fl,4.8,130,90,Detected broken/unavailable photo,open,source-unavailable,Present,rejected,1,2026-09-26 14:38,2026-09-27 01:21,https://www.gowayfind.com/places/ChIJz0MwOAAf6IgRdDBE-JCewGs
ChIJdZ6BP_f6wogRQBJFbdjpHew,Cajun Cafe on the Bayou,food,st-pete,4.5,1990,90,Detected broken/unavailable photo,open,source-unavailable,Present,rejected,1,2026-09-26 11:06,2026-09-27 01:20,https://www.gowayfind.com/places/ChIJdZ6BP_f6wogRQBJFbdjpHew
ChIJcbcbghLtwogR5w2FF8lqlq0,SIP,food,tampa,4.8,136,90,Detected broken/unavailable photo,open,source-unavailable,Present,rejected,1,2026-09-26 11:00,2026-09-27 01:20,https://www.gowayfind.com/places/ChIJcbcbghLtwogR5w2FF8lqlq0
ChIJ4SDCOjsB2YgRkUAToz-903k,Loca Mocha,food,broward,4.9,80,89,Detected broken/unavailable photo,unresolved,source-unavailable,Present,rejected,6,2026-09-09 10:39,2026-10-01 00:20,https://www.gowayfind.com/places/ChIJ4SDCOjsB2YgRkUAToz-903k
ChIJI3xPqmiBk4gRNIqlCDzffKo,Somethin's Cookin' Downtown,shopping,florida,4.7,133,89,Detected broken/unavailable photo,unresolved,source-unavailable,Present,rejected,6,2026-09-08 22:48,2026-10-02 00:20,https://www.gowayfind.com/places/ChIJI3xPqmiBk4gRNIqlCDzffKo
ChIJOVviGAA5w4gRI8L8KvjIiiQ,Mama G's UTC,food,manatee-sarasota,4.8,90,89,Detected broken/unavailable photo,open,source-unavailable,Present,rejected,0,2026-09-27 02:22,2026-09-27 02:22,https://www.gowayfind.com/places/ChIJOVviGAA5w4gRI8L8KvjIiiQ
ChIJqftER-I4w4gRWIOCznnHnqM,Hyatt Place Sarasota / Lakewood Ranch,hotels,manatee-sarasota,4.5,711,89,Detected broken/unavailable photo,open,source-unavailable,Present,rejected,1,2026-09-26 11:10,2026-09-27 01:20,https://www.gowayfind.com/places/ChIJqftER-I4w4gRWIOCznnHnqM
ChIJPdQY5BA9w4gRH7V0a3JvRh4,Palmetto Marriott Resort & Spa,hotels,manatee-sarasota,4.5,440,89,Detected broken/unavailable photo,open,stale-reference,Present,rejected,1,2026-09-26 20:49,2026-09-27 01:20,https://www.gowayfind.com/places/ChIJPdQY5BA9w4gRH7V0a3JvRh4
ChIJq4KWDc4Xw4gRJ_ZVutHZh3I,SpringHill Suites by Marriott Bradenton Downtown/Riverfront,hotels,manatee-sarasota,4.5,674,89,Detected broken/unavailable photo,open,stale-reference,Present,rejected,1,2026-09-26 20:49,2026-09-27 01:20,https://www.gowayfind.com/places/ChIJq4KWDc4Xw4gRJ_ZVutHZh3I
ChIJx0bEFcBAw4gRnOULtU8Udks,Pinecraft Discount Market,shopping,manatee-sarasota,4.8,100,89,Detected broken/unavailable photo,unresolved,source-unavailable,Present,rejected,6,2026-09-09 10:39,2026-10-01 00:21,https://www.gowayfind.com/places/ChIJx0bEFcBAw4gRnOULtU8Udks
ChIJIfP3yIPN54gRGfNONCdmmxY,Big Man’s Cafe - Maricamp,food,ocala-fl,4.7,122,89,Detected broken/unavailable photo,unresolved,source-unavailable,Present,rejected,6,2026-09-09 10:39,2026-10-01 00:21,https://www.gowayfind.com/places/ChIJIfP3yIPN54gRGfNONCdmmxY
ChIJ-2uEf9Hf2IgR8CzHvuPge5I,Sandoway Discovery Center,attractions,palm-beach,4.5,926,89,Detected broken/unavailable photo,unresolved,source-unavailable,Present,rejected,6,2026-09-09 14:08,2026-10-01 00:21,https://www.gowayfind.com/places/ChIJ-2uEf9Hf2IgR8CzHvuPge5I
ChIJPXq87I9_k4gRJ7ApuDLtrfU,Under The Oaks Park,attractions,panama-city-florida,4.5,1274,89,Detected broken/unavailable photo,unresolved,source-unavailable,Present,rejected,6,2026-09-09 10:39,2026-10-01 00:21,https://www.gowayfind.com/places/ChIJPXq87I9_k4gRJ7ApuDLtrfU
ChIJg7K61_6XlIgR0aG3mIrMs_E,TapRoot,nightlife,panama-city-florida,4.7,115,89,Detected broken/unavailable photo,unresolved,source-unavailable,Present,rejected,6,2026-09-09 14:08,2026-10-01 00:21,https://www.gowayfind.com/places/ChIJg7K61_6XlIgR0aG3mIrMs_E
ChIJCbHt04e02YgRSgndonaQOBo,Abbey Brewing Company,nightlife,pompano-beach-fl,4.5,463,89,Detected broken/unavailable photo,open,source-unavailable,Present,rejected,4,2026-09-09 14:08,2026-09-28 00:21,https://www.gowayfind.com/places/ChIJCbHt04e02YgRSgndonaQOBo
ChIJyYAeIFMf6IgRsh7A0C0B4Lc,Drew's American Grill,food,spring-hill-fl,4.5,704,89,Detected broken/unavailable photo,open,source-unavailable,Present,rejected,1,2026-09-26 14:38,2026-09-27 01:21,https://www.gowayfind.com/places/ChIJyYAeIFMf6IgRsh7A0C0B4Lc
ChIJc8QsSADFwogRH9awG-1qaCs,Cotanchobee Fort Brooke Park,attractions,tampa,4.5,567,89,Detected broken/unavailable photo,open,source-unavailable,Present,rejected,1,2026-09-26 11:15,2026-09-27 01:20,https://www.gowayfind.com/places/ChIJc8QsSADFwogRH9awG-1qaCs
ChIJHbaT1YDrwogRnkCk09Mno7g,Wha Gwaan Jamaica Jamaica,food,tampa,4.6,257,89,Detected broken/unavailable photo,open,source-unavailable,Present,rejected,1,2026-09-26 11:00,2026-09-27 01:20,https://www.gowayfind.com/places/ChIJHbaT1YDrwogRnkCk09Mno7g
ChIJ7y37tHHtwogRInqBTeU3nEU,Whatcha Want Eatery,food,tampa,4.8,91,89,Detected broken/unavailable photo,open,source-unavailable,Present,rejected,1,2026-09-26 11:00,2026-09-27 01:20,https://www.gowayfind.com/places/ChIJ7y37tHHtwogRInqBTeU3nEU
ChIJ9aqJ2PzCwogR1qwzHvi1FnA,Tennis Plaza - Tampa,shopping,tampa,4.7,129,89,Detected broken/unavailable photo,unresolved,source-unavailable,Present,rejected,6,2026-09-09 10:39,2026-10-01 00:21,https://www.gowayfind.com/places/ChIJ9aqJ2PzCwogR1qwzHvi1FnA
ChIJs9YbCILjwogRLrEPeOStU7o,FloridaRAMA,attractions,avon-park-fl,4.4,2097,88,Detected broken/unavailable photo,open,source-unavailable,Present,rejected,1,2026-09-26 11:03,2026-09-27 01:20,https://www.gowayfind.com/places/ChIJs9YbCILjwogRLrEPeOStU7o
ChIJmVnJh1MB2YgReFJch2QWz3g,Omni Fort Lauderdale Hotel,hotels,broward,4.5,356,88,Detected broken/unavailable photo,unresolved,source-unavailable,Present,rejected,6,2026-09-09 10:39,2026-10-01 00:20,https://www.gowayfind.com/places/ChIJmVnJh1MB2YgReFJch2QWz3g
ChIJpfKw50wF5YgR3GbNYaeQ76s,TNT Teriyaki Grill | Japanese,food,florida,4.5,326,88,Detected broken/unavailable photo,unresolved,source-unavailable,Present,rejected,6,2026-09-09 14:08,2026-10-02 00:21,https://www.gowayfind.com/places/ChIJpfKw50wF5YgR3GbNYaeQ76s
ChIJBXoN1P9154gRBFmCgKtrG8o,Mission Resort + Club,hotels,florida,4.4,1635,88,Detected broken/unavailable photo,unresolved,source-unavailable,Present,rejected,6,2026-09-09 10:39,2026-10-01 00:20,https://www.gowayfind.com/places/ChIJBXoN1P9154gRBFmCgKtrG8o
ChIJRcupu7BY7IgRlZs1MMLO5LQ,Southern Seafood Market,shopping,florida,4.5,416,88,Detected broken/unavailable photo,unresolved,source-unavailable,Present,rejected,6,2026-09-09 14:08,2026-10-02 00:21,https://www.gowayfind.com/places/ChIJRcupu7BY7IgRlZs1MMLO5LQ
ChIJfbOYXus414gRQQ7-6F7AYiE,Rain Barrel Village,attractions,keys,4.4,4631,88,Detected broken/unavailable photo,unresolved,source-unavailable,Present,rejected,6,2026-09-09 10:39,2026-10-01 00:21,https://www.gowayfind.com/places/ChIJfbOYXus414gRQQ7-6F7AYiE
ChIJdVuzXj3Z0IgRTLE-7YdQU0A,Keys Burger,food,keys,4.8,71,88,Detected broken/unavailable photo,open,source-unavailable,Present,rejected,4,2026-09-09 14:08,2026-09-28 00:21,https://www.gowayfind.com/places/ChIJdVuzXj3Z0IgRTLE-7YdQU0A
ChIJOdhYA4_Z0IgRQi_D9vhmBsM,Sparky's Landing - Fish n Cocktails,nightlife,keys,4.4,3799,88,Detected broken/unavailable photo,unresolved,source-unavailable,Present,rejected,6,2026-09-09 14:08,2026-10-01 00:22,https://www.gowayfind.com/places/ChIJOdhYA4_Z0IgRQi_D9vhmBsM
ChIJiUH9VYFHw4gRafiCP4AhW64,Sun Outdoors Sarasota,attractions,manatee-sarasota,4.4,2619,88,Detected broken/unavailable photo,open,source-unavailable,Present,rejected,1,2026-09-26 11:16,2026-09-27 01:20,https://www.gowayfind.com/places/ChIJiUH9VYFHw4gRafiCP4AhW64
ChIJOT_lQRRAw4gRs8lym-DXpdc,O'Leary's Tiki Bar & Grill,food,manatee-sarasota,4.4,4788,88,Detected broken/unavailable photo,open,source-unavailable,Present,rejected,1,2026-09-26 08:27,2026-09-27 01:20,https://www.gowayfind.com/places/ChIJOT_lQRRAw4gRs8lym-DXpdc
ChIJjUd4aM252YgRFoZoYEaZX18,Sanctuary Doral Retail,shopping,miami-dade,4.6,139,88,Detected broken/unavailable photo,unresolved,source-unavailable,Present,rejected,6,2026-09-09 10:39,2026-10-01 00:20,https://www.gowayfind.com/places/ChIJjUd4aM252YgRFoZoYEaZX18
ChIJM9r49GiD54gRhAs1ZBcUA1g,Way Chocolate & Coffee,food,orlando,4.5,270,88,Detected broken/unavailable photo,open,source-unavailable,Present,rejected,1,2026-09-26 17:16,2026-09-27 01:21,https://www.gowayfind.com/places/ChIJM9r49GiD54gRhAs1ZBcUA1g
ChIJ_S1iOvF654gRtbuIdK1-nAU,Courtyard by Marriott Orlando Downtown,hotels,orlando,4.4,1313,88,Detected broken/unavailable photo,unresolved,source-unavailable,Present,rejected,6,2026-09-08 22:48,2026-10-01 00:22,https://www.gowayfind.com/places/ChIJ_S1iOvF654gRtbuIdK1-nAU
ChIJE7gfn8B754gRSUBHlvmTIkY,Good Crowd,shopping,orlando,5,47,88,Detected broken/unavailable photo,unresolved,source-unavailable,Present,rejected,6,2026-09-09 14:08,2026-10-01 00:21,https://www.gowayfind.com/places/ChIJE7gfn8B754gRSUBHlvmTIkY
ChIJ_VCvunAD2YgRab3kqoKtDuY,Foxtail Coffee Co. Pompano Beach,food,pompano-beach-fl,4.5,261,88,Detected broken/unavailable photo,unresolved,source-unavailable,Present,rejected,6,2026-09-08 22:48,2026-10-02 00:20,https://www.gowayfind.com/places/ChIJ_VCvunAD2YgRab3kqoKtDuY
ChIJC2do4JUn5IgRuCCaO-aklds,Prohibition Kitchen,food,st-augustine-fl,4.4,7713,88,Detected broken/unavailable photo,unresolved,source-unavailable,Present,rejected,6,2026-09-09 14:08,2026-10-01 00:21,https://www.gowayfind.com/places/ChIJC2do4JUn5IgRuCCaO-aklds
ChIJa9H7lA4n5IgRViVY0j2H7bY,Auggie's Draft Room,nightlife,st-augustine-fl,4.4,1295,88,Detected broken/unavailable photo,open,source-unavailable,Present,rejected,4,2026-09-09 14:08,2026-09-28 00:21,https://www.gowayfind.com/places/ChIJa9H7lA4n5IgRViVY0j2H7bY
ChIJLdY0hDanwogRXI-7-GI37Is,HarvestMoon Fun Farm,attractions,florida,4.4,593,87,Detected broken/unavailable photo,open,source-unavailable,Present,rejected,1,2026-09-26 14:39,2026-09-27 01:21,https://www.gowayfind.com/places/ChIJLdY0hDanwogRXI-7-GI37Is
ChIJ_Y9nuCTBkIgRCi8OG1U1jTQ,Kali Center Florida- Pensacola,attractions,florida,5,41,87,Detected broken/unavailable photo,unresolved,source-unavailable,Present,rejected,6,2026-09-09 10:39,2026-10-01 00:21,https://www.gowayfind.com/places/ChIJ_Y9nuCTBkIgRCi8OG1U1jTQ
ChIJd_iPrv07w4gRfBSjYDKmqjM,Tru by Hilton Bradenton I 75,hotels,manatee-sarasota,4.4,383,87,Detected broken/unavailable photo,open,stale-reference,Present,rejected,1,2026-09-26 20:49,2026-09-27 01:20,https://www.gowayfind.com/places/ChIJd_iPrv07w4gRfBSjYDKmqjM
ChIJzcd5L6hBw4gRAON6hbly9cE,Raffurty's Bar and Grill,nightlife,manatee-sarasota,4.4,876,87,Detected broken/unavailable photo,open,source-unavailable,Present,rejected,1,2026-09-26 11:16,2026-09-27 01:20,https://www.gowayfind.com/places/ChIJzcd5L6hBw4gRAON6hbly9cE
ChIJSZdWvAlqw4gRo53EHrAL5gU,The Blasé Martini Bar & 3.14 Pi Pizza,nightlife,manatee-sarasota,4.4,719,87,Detected broken/unavailable photo,open,source-unavailable,Present,rejected,1,2026-09-26 12:52,2026-09-27 01:20,https://www.gowayfind.com/places/ChIJSZdWvAlqw4gRo53EHrAL5gU
ChIJhWqZvoVHw4gRehUSFsbZARo,Fruitville Grove,shopping,manatee-sarasota,4.4,604,87,Detected broken/unavailable photo,open,source-unavailable,Present,rejected,1,2026-09-26 11:16,2026-09-27 01:20,https://www.gowayfind.com/places/ChIJhWqZvoVHw4gRehUSFsbZARo
ChIJ3fYKbq7H54gRtJKefwDus-8,The Bistro at The Grand Oaks Resort,food,ocala-fl,4.4,548,87,Detected broken/unavailable photo,unresolved,source-unavailable,Present,rejected,6,2026-09-08 22:48,2026-10-02 00:20,https://www.gowayfind.com/places/ChIJ3fYKbq7H54gRtJKefwDus-8
ChIJcQyYH85654gRPh6gV_UpsDY,Festival Park,attractions,orlando,4.4,1058,87,Detected broken/unavailable photo,open,stale-reference,Present,rejected,1,2026-09-26 11:11,2026-09-27 01:20,https://www.gowayfind.com/places/ChIJcQyYH85654gRPh6gV_UpsDY
ChIJZxL3me5-54gRvlNMPJWqwSE,White Lightning,attractions,orlando,4.7,81,87,Detected broken/unavailable photo,unresolved,source-unavailable,Present,rejected,6,2026-09-08 22:48,2026-10-02 00:20,https://www.gowayfind.com/places/ChIJZxL3me5-54gRvlNMPJWqwSE
ChIJSd39gZ2D54gRW47C6aymYfc,Sweetland Bakery and Tea House,food,orlando,4.5,218,87,Detected broken/unavailable photo,open,source-unavailable,Present,rejected,1,2026-09-26 17:16,2026-09-27 01:21,https://www.gowayfind.com/places/ChIJSd39gZ2D54gRW47C6aymYfc
ChIJERruSB6Ak4gRMH6OhdGWLvQ,Earl Gilbert Park,attractions,panama-city-florida,4.5,212,87,Detected broken/unavailable photo,unresolved,source-unavailable,Present,rejected,6,2026-09-08 22:48,2026-10-02 00:20,https://www.gowayfind.com/places/ChIJERruSB6Ak4gRMH6OhdGWLvQ
ChIJA6lU-4PhwogR_zMckx1mRW0,Brutique,shopping,st-pete,4.8,64,87,Detected broken/unavailable photo,unresolved,source-unavailable,Present,rejected,6,2026-09-08 22:48,2026-10-02 00:20,https://www.gowayfind.com/places/ChIJA6lU-4PhwogR_zMckx1mRW0
ChIJiSahojzrwogR7d1U3NVyEyk,Le Peep Tampa,food,tampa,4.4,673,87,Detected broken/unavailable photo,open,source-unavailable,Present,rejected,1,2026-09-26 11:01,2026-09-27 01:20,https://www.gowayfind.com/places/ChIJiSahojzrwogR7d1U3NVyEyk
ChIJB0cneeEB2YgR-eiGy7c_kkU,Pelican Grand Beach Resort,hotels,broward,4.3,3189,86,Detected broken/unavailable photo,unresolved,source-unavailable,Present,rejected,6,2026-09-09 14:08,2026-10-01 00:22,https://www.gowayfind.com/places/ChIJB0cneeEB2YgR-eiGy7c_kkU
ChIJleXCFgChwogRJ4N0wwRNKW0,Anderson Snow Park Splash Pad,attractions,florida,4.6,71,86,Detected broken/unavailable photo,open,source-unavailable,Present,rejected,1,2026-09-26 14:38,2026-09-27 01:21,https://www.gowayfind.com/places/ChIJleXCFgChwogRJ4N0wwRNKW0
ChIJayEwAwDZ0IgRfu9V4ckLqJ4,Sombrero Beach,beach,keys,4.4,237,86,Detected broken/unavailable photo,open,source-unavailable,Present,rejected,4,2026-09-09 10:39,2026-09-28 00:21,https://www.gowayfind.com/places/ChIJayEwAwDZ0IgRfu9V4ckLqJ4
ChIJN0FbTco514gR--EqhiDYg0c,Chesapeake Beach Resort,hotels,keys,4.3,1183,86,Detected broken/unavailable photo,open,source-unavailable,Present,rejected,4,2026-09-09 10:39,2026-09-28 00:21,https://www.gowayfind.com/places/ChIJN0FbTco514gR--EqhiDYg0c
ChIJ9WF3GoG22YgRXEvIGy5Z4s8,"Brickell Arch, a Luxury Collection Hotel, Miami",hotels,miami-dade,4.3,2500,86,Detected broken/unavailable photo,unresolved,source-unavailable,Present,rejected,6,2026-09-09 14:08,2026-10-02 00:21,https://www.gowayfind.com/places/ChIJ9WF3GoG22YgRXEvIGy5Z4s8
ChIJZb7qrVy32YgRiG8apk2IKtY,OCISLY Ceramics & Art Pop Ups Miami,shopping,miami-dade,4.6,87,86,Detected broken/unavailable photo,unresolved,source-unavailable,Present,rejected,6,2026-09-09 14:08,2026-10-02 00:21,https://www.gowayfind.com/places/ChIJZb7qrVy32YgRiG8apk2IKtY
ChIJ546xrYd_3YgRTgPTwlF4RPA,Jock Lindsey's Hangar Bar,nightlife,orlando,4.3,2053,86,Detected broken/unavailable photo,open,source-unavailable,Present,rejected,1,2026-09-27 07:17,2026-09-27 01:20,https://www.gowayfind.com/places/ChIJ546xrYd_3YgRTgPTwlF4RPA
ChIJL_TVRPUl2YgR-O7Vyhwq-NI,The Palm Beach Museum of Natural History,beach,palm-beach,4.4,262,86,Detected broken/unavailable photo,unresolved,source-unavailable,Present,rejected,6,2026-09-09 14:08,2026-10-01 00:21,https://www.gowayfind.com/places/ChIJL_TVRPUl2YgR-O7Vyhwq-NI
ChIJ2VcBYJOkwogRC5BXHB_X-eE,Conner Preserve,attractions,spring-hill-fl,4.4,217,86,Detected broken/unavailable photo,unresolved,source-unavailable,Present,rejected,6,2026-09-09 14:08,2026-10-01 00:20,https://www.gowayfind.com/places/ChIJ2VcBYJOkwogRC5BXHB_X-eE
ChIJ03Su5LbH5YgRvqGQZ7XUz_I,Ringhaver Park,attractions,st-augustine-fl,4.3,1080,86,Detected broken/unavailable photo,unresolved,source-unavailable,Present,rejected,6,2026-09-09 10:39,2026-10-01 00:21,https://www.gowayfind.com/places/ChIJ03Su5LbH5YgRvqGQZ7XUz_I
ChIJZ_XmFw_DwogRBuHTsYiEk1I,Ocean Lobster key west LLC,shopping,tampa,4.7,53,86,Detected broken/unavailable photo,unresolved,source-unavailable,Present,rejected,6,2026-09-08 22:48,2026-10-02 00:20,https://www.gowayfind.com/places/ChIJZ_XmFw_DwogRBuHTsYiEk1I
ChIJsftMbGQF2YgRfst3R_WGYYM,Cypress Hammock Park,attractions,broward,4.4,171,85,Detected broken/unavailable photo,unresolved,source-unavailable,Present,rejected,6,2026-09-08 22:48,2026-10-01 00:22,https://www.gowayfind.com/places/ChIJsftMbGQF2YgRfst3R_WGYYM
ChIJ1YAVjNUb2YgRAZlUkG8WvFc,Parfit Coconut Creek,attractions,broward,4.5,82,85,Detected broken/unavailable photo,unresolved,source-unavailable,Present,rejected,6,2026-09-09 14:08,2026-10-01 00:22,https://www.gowayfind.com/places/ChIJ1YAVjNUb2YgRAZlUkG8WvFc
ChIJKR57oydJ3YgR6uWr2GCEcrI,McIntosh Preserve,attractions,florida,4.5,89,85,Detected broken/unavailable photo,open,source-unavailable,Present,rejected,1,2026-09-26 13:34,2026-09-27 01:20,https://www.gowayfind.com/places/ChIJKR57oydJ3YgR6uWr2GCEcrI
ChIJ-x0-nKfzk4gRqfN2jamPijA,The Old Beach Bar,nightlife,florida,4.3,347,85,Detected broken/unavailable photo,unresolved,source-unavailable,Present,rejected,6,2026-09-09 10:39,2026-10-01 00:21,https://www.gowayfind.com/places/ChIJ-x0-nKfzk4gRqfN2jamPijA
ChIJmSXf_kPf2IgRouVyxCMDQHI,Honeybee Garage,attractions,palm-beach,5,26,85,Detected broken/unavailable photo,unresolved,source-unavailable,Present,rejected,6,2026-09-09 14:08,2026-10-01 00:20,https://www.gowayfind.com/places/ChIJmSXf_kPf2IgRouVyxCMDQHI
ChIJO1jnXCgh2YgRklzt4sPFAXA,Hotworx Delray Beach - Delray Square,beach,palm-beach,4.7,46,85,Detected broken/unavailable photo,unresolved,source-unavailable,Present,rejected,6,2026-09-09 14:08,2026-10-01 00:21,https://www.gowayfind.com/places/ChIJO1jnXCgh2YgRklzt4sPFAXA
ChIJyZKnOVPhwogR95AWDPHrWt8,Thrill Hill,attractions,st-pete,4.9,34,85,Detected broken/unavailable photo,unresolved,source-unavailable,Present,rejected,6,2026-09-09 14:08,2026-10-02 00:21,https://www.gowayfind.com/places/ChIJyZKnOVPhwogR95AWDPHrWt8
ChIJi2MUW-MH2YgRPgL5ld68hQc,Club Pilates,attractions,broward,4.5,62,84,Detected broken/unavailable photo,unresolved,source-unavailable,Present,rejected,6,2026-09-09 14:08,2026-10-01 00:22,https://www.gowayfind.com/places/ChIJi2MUW-MH2YgRPgL5ld68hQc
ChIJHWO1kxcR54gRq2z9-XNsv5U,The Play Fort,attractions,florida,4.5,55,84,Detected broken/unavailable photo,unresolved,source-unavailable,Present,rejected,6,2026-09-08 22:48,2026-10-02 00:20,https://www.gowayfind.com/places/ChIJHWO1kxcR54gRq2z9-XNsv5U
ChIJhbZN3Nio24gR3xVc2ABhDMY,The Rusty Putter,food,immokalee-fl,4.3,244,84,Detected broken/unavailable photo,unresolved,source-unavailable,Present,rejected,6,2026-09-09 14:08,2026-10-01 00:21,https://www.gowayfind.com/places/ChIJhbZN3Nio24gR3xVc2ABhDMY
ChIJmRgc9NYXw4gRQlAxbX-KlVU,Courtyard by Marriott Bradenton Sarasota/Riverfront,hotels,manatee-sarasota,4.2,1123,84,Detected broken/unavailable photo,open,source-unavailable,Present,rejected,1,2026-09-26 11:10,2026-09-27 01:20,https://www.gowayfind.com/places/ChIJmRgc9NYXw4gRQlAxbX-KlVU
ChIJsYtTeeM4w4gRRLv8RnmCiTk,EVEN Hotel Sarasota-Lakewood Ranch by IHG,hotels,manatee-sarasota,4.2,969,84,Detected broken/unavailable photo,open,source-unavailable,Present,rejected,1,2026-09-26 11:10,2026-09-27 01:20,https://www.gowayfind.com/places/ChIJsYtTeeM4w4gRRLv8RnmCiTk
ChIJJwqBokQXw4gRJHiD6mQR25g,Craftails Speakeasy,nightlife,manatee-sarasota,4.5,69,84,Detected broken/unavailable photo,open,source-unavailable,Present,rejected,1,2026-09-26 23:27,2026-09-27 01:21,https://www.gowayfind.com/places/ChIJJwqBokQXw4gRJHiD6mQR25g
ChIJjfEhCPas2YgRN1EHKOyeFU8,Tap 42 Craft Kitchen & Bar,nightlife,miami-dade,4.2,2657,84,Detected broken/unavailable photo,unresolved,source-unavailable,Present,rejected,6,2026-09-09 10:39,2026-10-01 00:21,https://www.gowayfind.com/places/ChIJjfEhCPas2YgRN1EHKOyeFU8
ChIJKetStt1-54gRxeCzhJprPLQ,Velvet Bar,nightlife,orlando,4.5,59,84,Detected broken/unavailable photo,open,source-unavailable,Present,rejected,1,2026-09-27 02:22,2026-09-27 01:20,https://www.gowayfind.com/places/ChIJKetStt1-54gRxeCzhJprPLQ
ChIJv5gT0NE9w4gR_I7iEos2XkQ,Jerusalem international Food Market,shopping,manatee-sarasota,4.3,89,83,Detected broken/unavailable photo,unresolved,source-unavailable,Present,rejected,6,2026-09-08 22:48,2026-10-02 00:20,https://www.gowayfind.com/places/ChIJv5gT0NE9w4gR_I7iEos2XkQ
ChIJ0ajFW_7T54gR8J9btMXPhWg,M.O.M.S. Park,attractions,ocala-fl,4.8,23,83,Detected broken/unavailable photo,open,source-unavailable,Present,rejected,4,2026-09-09 10:39,2026-09-28 00:21,https://www.gowayfind.com/places/ChIJ0ajFW_7T54gR8J9btMXPhWg
ChIJDZn5tt1-54gRRrn3m2WggPQ,beachclub,food,orlando,4.4,67,83,Detected broken/unavailable photo,open,source-unavailable,Present,rejected,1,2026-09-27 02:22,2026-09-27 01:20,https://www.gowayfind.com/places/ChIJDZn5tt1-54gRRrn3m2WggPQ
ChIJjaD_-70n5IgR-ljhOe5Ei2k,Crucial Coffee,food,st-augustine-fl,4.2,579,83,Detected broken/unavailable photo,unresolved,source-unavailable,Present,rejected,6,2026-09-09 14:08,2026-10-01 00:22,https://www.gowayfind.com/places/ChIJjaD_-70n5IgR-ljhOe5Ei2k
ChIJZx1QwTyr2YgRivVKNoGP7YA,Rooftop Resort - Hollywood Florida - Clothing Optional Resort,hotels,broward,4.1,456,82,Detected broken/unavailable photo,unresolved,source-unavailable,Present,rejected,6,2026-09-08 22:48,2026-10-01 00:22,https://www.gowayfind.com/places/ChIJZx1QwTyr2YgRivVKNoGP7YA
ChIJk6zAA4kWw4gR7mu134NTNgI,Holiday Inn Express & Suites Bradenton West by IHG,hotels,manatee-sarasota,4.1,735,82,Detected broken/unavailable photo,open,stale-reference,Present,rejected,1,2026-09-26 12:12,2026-09-27 01:20,https://www.gowayfind.com/places/ChIJk6zAA4kWw4gR7mu134NTNgI
ChIJEfkg0A1Aw4gRaUdlFUu85bA,"The Sarasota Modern, a Tribute Portfolio Hotel",hotels,manatee-sarasota,4.1,645,82,Detected broken/unavailable photo,open,stale-reference,Present,rejected,1,2026-09-26 09:12,2026-09-27 01:20,https://www.gowayfind.com/places/ChIJEfkg0A1Aw4gRaUdlFUu85bA
ChIJoZyK_ZzpwogRx3nCkN2bLAQ,Tiki Beach Watersports,beach,tampa,4.8,16,82,Detected broken/unavailable photo,unresolved,source-unavailable,Present,rejected,6,2026-09-09 14:08,2026-10-02 00:21,https://www.gowayfind.com/places/ChIJoZyK_ZzpwogRx3nCkN2bLAQ
ChIJ__-8_E0b2YgRZ_rkyWe3UmU,1st Street Deli,food,broward,4.1,315,81,Detected broken/unavailable photo,unresolved,source-unavailable,Present,rejected,6,2026-09-08 22:48,2026-10-02 00:20,https://www.gowayfind.com/places/ChIJ__-8_E0b2YgRZ_rkyWe3UmU
ChIJT4SyIVMkw4gRZO09tEkWZ2o,Ola Mae Sims Park,attractions,manatee-sarasota,4.1,116,81,Detected broken/unavailable photo,open,source-unavailable,Present,rejected,1,2026-09-26 20:49,2026-09-27 01:20,https://www.gowayfind.com/places/ChIJT4SyIVMkw4gRZO09tEkWZ2o
ChIJwZ_GK-d-54gRm5Ahg7PZYeY,Red Coconut Club,nightlife,orlando,4.1,229,81,Detected broken/unavailable photo,open,source-unavailable,Present,rejected,1,2026-09-26 11:12,2026-09-27 01:20,https://www.gowayfind.com/places/ChIJwZ_GK-d-54gRm5Ahg7PZYeY
ChIJjRbysNvf2IgRSc-UHUXubTo,Wxyz Bar,nightlife,palm-beach,4.4,25,81,Detected broken/unavailable photo,unresolved,source-unavailable,Present,rejected,6,2026-09-09 10:39,2026-10-01 00:20,https://www.gowayfind.com/places/ChIJjRbysNvf2IgRSc-UHUXubTo
ChIJ2VW7G0j92IgRzFdw2yr3_0U,Living Room Cafe,food,pompano-beach-fl,4.3,38,81,Detected broken/unavailable photo,unresolved,source-unavailable,Present,rejected,6,2026-09-09 14:08,2026-10-01 00:21,https://www.gowayfind.com/places/ChIJ2VW7G0j92IgRzFdw2yr3_0U
ChIJoQekdLSp2YgRQtkkbdueCUk,Oculus Bar (in Seminole Hard Rock Hollywood),nightlife,broward,4.1,49,80,Detected broken/unavailable photo,unresolved,source-unavailable,Present,rejected,6,2026-09-09 10:39,2026-10-01 00:20,https://www.gowayfind.com/places/ChIJoQekdLSp2YgRQtkkbdueCUk
ChIJccxO6OB-54gRAJgvkHyOQDs,The Toothsome Chocolate Emporium & Savory Feast Kitchen™,food,orlando,4,9974,80,Detected broken/unavailable photo,open,source-unavailable,Present,rejected,1,2026-09-27 02:22,2026-09-27 01:20,https://www.gowayfind.com/places/ChIJccxO6OB-54gRAJgvkHyOQDs
ChIJ5XHBD6V754gRD4ff0BwThF0,Grand Market,shopping,orlando,4.1,44,80,Detected broken/unavailable photo,unresolved,source-unavailable,Present,rejected,6,2026-09-09 10:39,2026-10-01 00:20,https://www.gowayfind.com/places/ChIJ5XHBD6V754gRD4ff0BwThF0
ChIJ6RtqMs220YgR91SvnyJWf5M,The Key West Nature Preserve,attractions,key-west,4,158,79,Detected broken/unavailable photo,unresolved,source-unavailable,Present,rejected,6,2026-09-08 22:48,2026-10-02 00:20,https://www.gowayfind.com/places/ChIJ6RtqMs220YgR91SvnyJWf5M
ChIJ8ejPSkQlw4gRtsFmF1TB_kU,Five Guys,food,manatee-sarasota,4,81,79,Detected broken/unavailable photo,open,source-unavailable,Present,rejected,0,2026-09-27 06:57,2026-09-27 03:57,https://www.gowayfind.com/places/ChIJ8ejPSkQlw4gRtsFmF1TB_kU
ChIJ-_zL8qrjwogR5NzCnPTzhkE,Studio 521 @ 4 Gats Gallery,attractions,tampa,5,2,79,Detected broken/unavailable photo,open,source-unavailable,Present,rejected,1,2026-09-26 11:17,2026-09-27 01:20,https://www.gowayfind.com/places/ChIJ-_zL8qrjwogR5NzCnPTzhkE
ChIJ30hX19M8w4gR7p0wd0Mscpw,Super 8 by Wyndham Ellenton Bradenton Area,hotels,manatee-sarasota,3.9,797,78,Detected broken/unavailable photo,open,source-unavailable,Present,rejected,1,2026-09-26 11:10,2026-09-27 01:20,https://www.gowayfind.com/places/ChIJ30hX19M8w4gR7p0wd0Mscpw
ChIJbbSOHAHPwogRBhJ7NtU7BK0,Quality Inn and Conference Center Tampa-Brandon,hotels,tampa,3.9,1851,78,Detected broken/unavailable photo,open,source-unavailable,Present,rejected,4,2026-09-09 14:08,2026-09-28 00:21,https://www.gowayfind.com/places/ChIJbbSOHAHPwogRBhJ7NtU7BK0
ChIJvYNHMYI8w4gRsnRqXZkBRqk,Americas Best Value Inn Bradenton Sarasota,hotels,manatee-sarasota,3.6,479,73,Detected broken/unavailable photo,open,source-unavailable,Present,rejected,1,2026-09-26 11:10,2026-09-27 01:20,https://www.gowayfind.com/places/ChIJvYNHMYI8w4gRsnRqXZkBRqk
ChIJX6QIx9Y8w4gReQx67QrCz24,Red Roof Inn Ellenton - Bradenton NE,hotels,manatee-sarasota,3.6,621,73,Detected broken/unavailable photo,open,source-unavailable,Present,rejected,1,2026-09-26 11:10,2026-09-27 01:20,https://www.gowayfind.com/places/ChIJX6QIx9Y8w4gReQx67QrCz24
ChIJB8gjMgAlw4gR93CI-p8no74,Foxtail Coffee - North River Ranch,food,manatee-sarasota,3.5,274,71,Detected broken/unavailable photo,open,source-unavailable,Present,rejected,1,2026-09-26 20:49,2026-09-27 01:20,https://www.gowayfind.com/places/ChIJB8gjMgAlw4gR93CI-p8no74
ChIJb0bfhYE8w4gR6EXnEX38tAc,Sunrise Inn Bradenton I-75,hotels,manatee-sarasota,3.4,520,69,Detected broken/unavailable photo,open,source-unavailable,Present,rejected,1,2026-09-26 11:10,2026-09-27 01:20,https://www.gowayfind.com/places/ChIJb0bfhYE8w4gR6EXnEX38tAc
ChIJ-87K9IE8w4gRHTlsuJuFWzY,"Motel 6 Bradenton, FL",hotels,manatee-sarasota,3.3,1919,66,Detected broken/unavailable photo,open,source-unavailable,Present,rejected,1,2026-09-26 11:10,2026-09-27 01:20,https://www.gowayfind.com/places/ChIJ-87K9IE8w4gRHTlsuJuFWzY
ChIJM0UTKzIWw4gRSm5JR5EHYDc,Kentucky Motel,hotels,manatee-sarasota,2.8,226,61,Detected broken/unavailable photo,open,source-unavailable,Present,rejected,1,2026-09-26 11:10,2026-09-27 01:20,https://www.gowayfind.com/places/ChIJM0UTKzIWw4gRSm5JR5EHYDc
ChIJp6eGDDEWw4gRkv0ZSe4kSsk,Bay Breeze Inn,hotels,manatee-sarasota,2.5,377,54,Detected broken/unavailable photo,open,source-unavailable,Present,rejected,1,2026-09-26 11:10,2026-09-27 01:20,https://www.gowayfind.com/places/ChIJp6eGDDEWw4gRkv0ZSe4kSsk
